base_folder,image_file,audio_file,caption
vggsound_00,Bu2xe4OSo_430.png,Bu2xe4OSo_000430.wav,wind noise
vggsound_00,CudrykwoE_67.png,CudrykwoE_000067.wav,cricket chirping
vggsound_00,DTR0_mIGI_11.png,DTR0_mIGI_000011.wav,people battle cry
vggsound_00,Lj4Y_96f0_120.png,Lj4Y_96f0_000120.wav,"bee, wasp, etc. buzzing"
vggsound_00,PlJNEnf-s_288.png,PlJNEnf-s_000288.wav,"bee, wasp, etc. buzzing"
vggsound_00,UE437qBIo_1.png,UE437qBIo_000001.wav,pheasant crowing
vggsound_00,UQXuZfbFY_44.png,UQXuZfbFY_000044.wav,bird wings flapping
vggsound_00,0HTFjyC-SI_7.png,0HTFjyC-SI_000007.wav,pheasant crowing
vggsound_00,0kJ0SVWD7E_30.png,0kJ0SVWD7E_000030.wav,sheep bleating
vggsound_00,0lrq0dgfnQ_15.png,0lrq0dgfnQ_000015.wav,chimpanzee pant-hooting
vggsound_00,0p7hKXZ1ww_30.png,0p7hKXZ1ww_000030.wav,lighting firecrackers
vggsound_00,0pJqpNjft4_267.png,0pJqpNjft4_000267.wav,cow lowing
vggsound_00,0u9E3dETG0_199.png,0u9E3dETG0_000199.wav,"bee, wasp, etc. buzzing"
vggsound_00,0zIOEW3mM4_16.png,0zIOEW3mM4_000016.wav,pheasant crowing
vggsound_00,0ZYW2yXKp8_22.png,0ZYW2yXKp8_000022.wav,bird wings flapping
vggsound_00,19HsqaVOHU_19.png,19HsqaVOHU_000019.wav,crow cawing
vggsound_00,1EXhfqLLwQ_150.png,1EXhfqLLwQ_000150.wav,pumping water
vggsound_00,1GJQ3c94jQ_97.png,1GJQ3c94jQ_000097.wav,cat growling
vggsound_00,1PkCejU5u8_370.png,1PkCejU5u8_000370.wav,people crowd
vggsound_00,1QUpHlvDM4_0.png,1QUpHlvDM4_000000.wav,chicken crowing
vggsound_00,1WNSmtDVi8_12.png,1WNSmtDVi8_000012.wav,owl hooting
vggsound_00,26kjr5MxSI_0.png,26kjr5MxSI_000000.wav,chicken clucking
vggsound_00,2Dm0VjW8oM_1.png,2Dm0VjW8oM_000001.wav,"pigeon, dove cooing"
vggsound_00,2Ugsiz1Ro4_88.png,2Ugsiz1Ro4_000088.wav,turkey gobbling
vggsound_00,30UVzI7M1Y_2.png,30UVzI7M1Y_000002.wav,dog whimpering
vggsound_00,32R7lVBhoI_30.png,32R7lVBhoI_000030.wav,sheep bleating
vggsound_00,37X0bRVT0g_122.png,37X0bRVT0g_000122.wav,fox barking
vggsound_00,3cvcq0X_zo_250.png,3cvcq0X_zo_000250.wav,turkey gobbling
vggsound_00,3cXcRajPSc_30.png,3cXcRajPSc_000030.wav,raining
vggsound_00,3F84DMR4fA_3.png,3F84DMR4fA_000003.wav,parrot talking
vggsound_00,3ihfHTdJSI_110.png,3ihfHTdJSI_000110.wav,chicken crowing
vggsound_00,3M-k4nIYIM_30.png,3M-k4nIYIM_000030.wav,car passing by
vggsound_00,3sX4pIZa8c_1.png,3sX4pIZa8c_000001.wav,canary calling
vggsound_00,3uypzLYfSw_0.png,3uypzLYfSw_000000.wav,people screaming
vggsound_00,3z5mFRgbxc_30.png,3z5mFRgbxc_000030.wav,driving buses
vggsound_00,405Ksmbra8_19.png,405Ksmbra8_000019.wav,chicken clucking
vggsound_00,40nDU5Ecgg_130.png,40nDU5Ecgg_000130.wav,"donkey, ass braying"
vggsound_00,46xqouqMxA_6.png,46xqouqMxA_000006.wav,cat meowing
vggsound_00,4c4jzE5y_c_5.png,4c4jzE5y_c_000005.wav,horse neighing
vggsound_00,4f9PIOK2_I_59.png,4f9PIOK2_I_000059.wav,woodpecker pecking tree
vggsound_00,4lxNixEQ2A_13.png,4lxNixEQ2A_000013.wav,penguins braying
vggsound_00,4o0jRbgHr4_30.png,4o0jRbgHr4_000030.wav,cat meowing
vggsound_00,4ObGigN498_50.png,4ObGigN498_000050.wav,lions growling
vggsound_00,4pmCrSdMhg_30.png,4pmCrSdMhg_000030.wav,horse clip-clop
vggsound_00,4pUrlMafww_1.png,4pUrlMafww_000001.wav,people screaming
vggsound_00,4u6ax5P-o8_4.png,4u6ax5P-o8_000004.wav,wood thrush calling
vggsound_00,4vYvHuiHH8_30.png,4vYvHuiHH8_000030.wav,car passing by
vggsound_00,5jd03ZiyDk_7.png,5jd03ZiyDk_000007.wav,dog growling
vggsound_00,5MpAJy294E_30.png,5MpAJy294E_000030.wav,turkey gobbling
vggsound_00,5YLszkC2Ow_30.png,5YLszkC2Ow_000030.wav,horse neighing
vggsound_00,6d7SNbycJg_33.png,6d7SNbycJg_000033.wav,airplane
vggsound_00,705iNAh-lE_30.png,705iNAh-lE_000030.wav,goose honking
vggsound_00,78SgLvt7_k_30.png,78SgLvt7_k_000030.wav,sheep bleating
vggsound_00,7IhwezUrUA_590.png,7IhwezUrUA_000590.wav,eating with cutlery
vggsound_00,7iUkVeOgkk_23.png,7iUkVeOgkk_000023.wav,airplane
vggsound_00,7MQDKG-T9Q_326.png,7MQDKG-T9Q_000326.wav,dog growling
vggsound_00,7sg--aJdrc_39.png,7sg--aJdrc_000039.wav,gibbon howling
vggsound_00,7uVGGJ9ZkM_1.png,7uVGGJ9ZkM_000001.wav,wood thrush calling
vggsound_00,7xlDhyGX4Q_193.png,7xlDhyGX4Q_000193.wav,gibbon howling
vggsound_00,7_kMQrvjpE_58.png,7_kMQrvjpE_000058.wav,"subway, metro, underground"
vggsound_00,84CyEpynsY_10.png,84CyEpynsY_000010.wav,dog barking
vggsound_00,86gl1hp1Aw_105.png,86gl1hp1Aw_000105.wav,parrot talking
vggsound_00,8FYMNYbXiE_20.png,8FYMNYbXiE_000020.wav,goose honking
vggsound_00,8lzdlqUtJQ_61.png,8lzdlqUtJQ_000061.wav,"alligators, crocodiles hissing"
vggsound_00,8pCMgGKZY8_12.png,8pCMgGKZY8_000012.wav,dog bow-wow
vggsound_00,8vFBAkXmeg_87.png,8vFBAkXmeg_000087.wav,cuckoo bird calling
vggsound_00,8x1OQ-JnUs_220.png,8x1OQ-JnUs_000220.wav,"pigeon, dove cooing"
vggsound_00,9DP8x__enM_30.png,9DP8x__enM_000030.wav,dog bow-wow
vggsound_00,9k2Z_hxYpU_130.png,9k2Z_hxYpU_000130.wav,helicopter
vggsound_00,9o-xTvC-VE_22.png,9o-xTvC-VE_000022.wav,gibbon howling
vggsound_00,9peZWsQHow_37.png,9peZWsQHow_000037.wav,mynah bird singing
vggsound_00,9RAaQK5OHU_0.png,9RAaQK5OHU_000000.wav,frog croaking
vggsound_00,9whJW7BUSU_141.png,9whJW7BUSU_000141.wav,cattle mooing
vggsound_00,9ywcjOQsFc_45.png,9ywcjOQsFc_000045.wav,airplane flyby
vggsound_00,a-v6lel_Ko_7.png,a-v6lel_Ko_000007.wav,dog growling
vggsound_00,A3cOSeUcLM_30.png,A3cOSeUcLM_000030.wav,chicken crowing
vggsound_00,A3g8R9_YpM_21.png,A3g8R9_YpM_000021.wav,mynah bird singing
vggsound_00,AeiYb4vDK0_340.png,AeiYb4vDK0_000340.wav,people eating
vggsound_00,AfJKhf6P3U_30.png,AfJKhf6P3U_000030.wav,horse clip-clop
vggsound_00,ag2m3fHOzs_10.png,ag2m3fHOzs_000010.wav,"bird chirping, tweeting"
vggsound_00,AgL2NWp9bc_30.png,AgL2NWp9bc_000030.wav,mouse pattering
vggsound_00,AIcEOzVmnI_0.png,AIcEOzVmnI_000000.wav,magpie calling
vggsound_00,aK9JKAGme0_41.png,aK9JKAGme0_000041.wav,cheetah chirrup
vggsound_00,AMsYmKRnWE_8.png,AMsYmKRnWE_000008.wav,wood thrush calling
vggsound_00,amYPD7RUYA_60.png,amYPD7RUYA_000060.wav,"bee, wasp, etc. buzzing"
vggsound_00,ANEfdF_vzE_122.png,ANEfdF_vzE_000122.wav,"cattle, bovinae cowbell"
vggsound_00,Aqjx8NLZuU_70.png,Aqjx8NLZuU_000070.wav,wind noise
vggsound_00,AS4M6Nnaow_25.png,AS4M6Nnaow_000025.wav,dog growling
vggsound_00,aUbQi149eE_80.png,aUbQi149eE_000080.wav,"bird chirping, tweeting"
vggsound_00,aVOTtH7jZo_0.png,aVOTtH7jZo_000000.wav,people screaming
vggsound_00,AvTGh7DiLI_52.png,AvTGh7DiLI_000052.wav,bird squawking
vggsound_00,AX4UT8h78Y_50.png,AX4UT8h78Y_000050.wav,"bee, wasp, etc. buzzing"
vggsound_00,aXWYfAdovc_230.png,aXWYfAdovc_000230.wav,"bee, wasp, etc. buzzing"
vggsound_00,aY9NqOlPEI_1.png,aY9NqOlPEI_000001.wav,cat meowing
vggsound_00,B-HOrOK4PQ_50.png,B-HOrOK4PQ_000050.wav,lawn mowing
vggsound_00,B6CSHRHZSA_70.png,B6CSHRHZSA_000070.wav,"pigeon, dove cooing"
vggsound_00,B7_MCn_xQo_168.png,B7_MCn_xQo_000168.wav,turkey gobbling
vggsound_00,bgIiv3J97I_150.png,bgIiv3J97I_000150.wav,cattle mooing
vggsound_00,BHvh-PUrw0_279.png,BHvh-PUrw0_000279.wav,crow cawing
vggsound_00,BIuMd0jCjU_10.png,BIuMd0jCjU_000010.wav,helicopter
vggsound_00,BlCcJuYqVA_297.png,BlCcJuYqVA_000297.wav,zebra braying
vggsound_00,boTId5CDDc_2.png,boTId5CDDc_000002.wav,pheasant crowing
vggsound_00,bxI3HLANw0_16.png,bxI3HLANw0_000016.wav,bird squawking
vggsound_00,By_0iIghuE_0.png,By_0iIghuE_000000.wav,cat caterwauling
vggsound_00,c6baaENcjA_204.png,c6baaENcjA_000204.wav,sea lion barking
vggsound_00,c7BqtlAmLs_120.png,c7BqtlAmLs_000120.wav,"bee, wasp, etc. buzzing"
vggsound_00,c8MRzSY6BI_30.png,c8MRzSY6BI_000030.wav,horse clip-clop
vggsound_00,cA-i0cm4R0_387.png,cA-i0cm4R0_000387.wav,parrot talking
vggsound_00,CEfebOUFQo_435.png,CEfebOUFQo_000435.wav,people shuffling
vggsound_00,CexapzRAPQ_51.png,CexapzRAPQ_000051.wav,ferret dooking
vggsound_00,cgr6hgQMIQ_30.png,cgr6hgQMIQ_000030.wav,wind rustling leaves
vggsound_00,CS4JTdytGw_30.png,CS4JTdytGw_000030.wav,pig oinking
vggsound_00,cT03CPlOqc_161.png,cT03CPlOqc_000161.wav,mynah bird singing
vggsound_00,ctJ8Ot7EgU_0.png,ctJ8Ot7EgU_000000.wav,cricket chirping
vggsound_00,CUgrFw8TEI_45.png,CUgrFw8TEI_000045.wav,dog whimpering
vggsound_00,cYASqmhOUo_50.png,cYASqmhOUo_000050.wav,dog bow-wow
vggsound_00,d1lAtyWGrM_17.png,d1lAtyWGrM_000017.wav,lions roaring
vggsound_00,D3xojFH4Us_10.png,D3xojFH4Us_000010.wav,chicken clucking
vggsound_00,D64b_8YJK4_46.png,D64b_8YJK4_000046.wav,barn swallow calling
vggsound_00,d6AbRPotBQ_77.png,d6AbRPotBQ_000077.wav,airplane flyby
vggsound_00,DaIYDkiR_Y_0.png,DaIYDkiR_Y_000000.wav,dog growling
vggsound_00,dckeFP03oY_224.png,dckeFP03oY_000224.wav,black capped chickadee calling
vggsound_00,dGGLcujZEs_7.png,dGGLcujZEs_000007.wav,ferret dooking
vggsound_00,dGkAZOk0UQ_38.png,dGkAZOk0UQ_000038.wav,dog growling
vggsound_00,dJIro7WeqQ_10.png,dJIro7WeqQ_000010.wav,bird wings flapping
vggsound_00,dL8Vi7gPWg_0.png,dL8Vi7gPWg_000000.wav,helicopter
vggsound_00,DLbeLd5jNE_62.png,DLbeLd5jNE_000062.wav,footsteps on snow
vggsound_00,DMGengzmu0_1.png,DMGengzmu0_000001.wav,crow cawing
vggsound_00,DPpAs6owBI_65.png,DPpAs6owBI_000065.wav,people burping
vggsound_00,DR4c2yfNLY_20.png,DR4c2yfNLY_000020.wav,chicken clucking
vggsound_00,dusYvma9cE_130.png,dusYvma9cE_000130.wav,toilet flushing
vggsound_00,dvfWWc5bQ8_30.png,dvfWWc5bQ8_000030.wav,dog bow-wow
vggsound_00,dWlxtczn7E_60.png,dWlxtczn7E_000060.wav,"bird chirping, tweeting"
vggsound_00,d_pQ3DyzHg_34.png,d_pQ3DyzHg_000034.wav,"bee, wasp, etc. buzzing"
vggsound_00,E35OMfL4A4_1.png,E35OMfL4A4_000001.wav,mouse squeaking
vggsound_00,E3eNjI4vEc_5.png,E3eNjI4vEc_000005.wav,mynah bird singing
vggsound_00,ej17LDVOJc_22.png,ej17LDVOJc_000022.wav,cat meowing
vggsound_00,Ejy1cfmrYE_30.png,Ejy1cfmrYE_000030.wav,"pigeon, dove cooing"
vggsound_00,eK8oD3wmxw_5.png,eK8oD3wmxw_000005.wav,"bee, wasp, etc. buzzing"
vggsound_00,ERY2p905dE_1.png,ERY2p905dE_000001.wav,"vehicle horn, car horn, honking"
vggsound_00,euWfKCCo70_24.png,euWfKCCo70_000024.wav,cat purring
vggsound_00,FAVc8Nc_yg_6.png,FAVc8Nc_yg_000006.wav,cattle mooing
vggsound_00,FgIPY7IO8k_15.png,FgIPY7IO8k_000015.wav,chicken crowing
vggsound_00,fH8vUheiv4_68.png,fH8vUheiv4_000068.wav,"fly, housefly buzzing"
vggsound_00,fjZl2oKZMc_32.png,fjZl2oKZMc_000032.wav,chicken clucking
vggsound_00,fjzsmbOK7M_9.png,fjzsmbOK7M_000009.wav,train whistling
vggsound_00,FKrYTj_eCU_0.png,FKrYTj_eCU_000000.wav,people screaming
vggsound_00,FoTfnPSlVM_32.png,FoTfnPSlVM_000032.wav,chinchilla barking
vggsound_00,fX6u_wIPx4_37.png,fX6u_wIPx4_000037.wav,volcano explosion
vggsound_00,g18SZ6WopQ_4.png,g18SZ6WopQ_000004.wav,bull bellowing
vggsound_00,g1q0GVBY7Y_38.png,g1q0GVBY7Y_000038.wav,squishing water
vggsound_00,G57TpNZ1hg_445.png,G57TpNZ1hg_000445.wav,crow cawing
vggsound_00,gABTTuw8vo_52.png,gABTTuw8vo_000052.wav,woodpecker pecking tree
vggsound_00,galdW8VGEQ_143.png,galdW8VGEQ_000143.wav,snake rattling
vggsound_00,GFrQ3vMJ5M_97.png,GFrQ3vMJ5M_000097.wav,wood thrush calling
vggsound_00,ghVFtymYk8_1.png,ghVFtymYk8_000001.wav,owl hooting
vggsound_00,gKy8P-N5aY_70.png,gKy8P-N5aY_000070.wav,"bird chirping, tweeting"
vggsound_00,GLVzwHQwtw_69.png,GLVzwHQwtw_000069.wav,mosquito buzzing
vggsound_00,gp5kXfvW5I_340.png,gp5kXfvW5I_000340.wav,chicken crowing
vggsound_00,grrFz0HeME_90.png,grrFz0HeME_000090.wav,"bird chirping, tweeting"
vggsound_00,gSfPQqi6nI_30.png,gSfPQqi6nI_000030.wav,cat meowing
vggsound_00,gTHRUvyivk_30.png,gTHRUvyivk_000030.wav,wind rustling leaves
vggsound_00,GtvFZwApEo_5.png,GtvFZwApEo_000005.wav,pheasant crowing
vggsound_00,gXbU1fHFoc_140.png,gXbU1fHFoc_000140.wav,"bird chirping, tweeting"
vggsound_00,H1c5S3rZSQ_48.png,H1c5S3rZSQ_000048.wav,"cattle, bovinae cowbell"
vggsound_00,H369jUtqjc_30.png,H369jUtqjc_000030.wav,"motorboat, speedboat acceleration"
vggsound_00,h5ZGw9Ci5c_450.png,h5ZGw9Ci5c_000450.wav,playing drum kit
vggsound_00,h8I3cqpgnA_85.png,h8I3cqpgnA_000085.wav,"bee, wasp, etc. buzzing"
vggsound_00,hA3ZkfDz30_500.png,hA3ZkfDz30_000500.wav,vacuum cleaner cleaning floors
vggsound_00,hd9jp0IPtE_10.png,hd9jp0IPtE_000010.wav,people burping
vggsound_00,HDZjRaKt1w_4.png,HDZjRaKt1w_000004.wav,hail
vggsound_00,hh1_3cqnPA_75.png,hh1_3cqnPA_000075.wav,wood thrush calling
vggsound_00,HHIfIzlfEA_10.png,HHIfIzlfEA_000010.wav,people farting
vggsound_00,HLTp7gPBEw_30.png,HLTp7gPBEw_000030.wav,cat meowing
vggsound_00,HMmNXcZe1I_53.png,HMmNXcZe1I_000053.wav,"bird chirping, tweeting"
vggsound_00,hq-VmUz8ls_39.png,hq-VmUz8ls_000039.wav,"cattle, bovinae cowbell"
vggsound_00,hSwZyPPJTc_75.png,hSwZyPPJTc_000075.wav,fox barking
vggsound_00,HxQ9AoyRmY_30.png,HxQ9AoyRmY_000030.wav,chicken clucking
vggsound_00,i-7UK5k2ws_0.png,i-7UK5k2ws_000000.wav,gibbon howling
vggsound_00,I2wwE7WFOU_24.png,I2wwE7WFOU_000024.wav,cat meowing
vggsound_00,i9Eh8t5tFM_30.png,i9Eh8t5tFM_000030.wav,wind rustling leaves
vggsound_00,ibJ1mubE68_320.png,ibJ1mubE68_000320.wav,lions growling
vggsound_00,ibjrtJo9rY_30.png,ibjrtJo9rY_000030.wav,duck quacking
vggsound_00,IBXTktoom8_30.png,IBXTktoom8_000030.wav,"bee, wasp, etc. buzzing"
vggsound_00,iCjnY-zbjs_19.png,iCjnY-zbjs_000019.wav,people burping
vggsound_00,iDEnaFYOOg_113.png,iDEnaFYOOg_000113.wav,dog baying
vggsound_00,iF4a6f5PJ8_0.png,iF4a6f5PJ8_000000.wav,pheasant crowing
vggsound_00,IL4hjBMsLE_56.png,IL4hjBMsLE_000056.wav,magpie calling
vggsound_00,INNrk4mik4_31.png,INNrk4mik4_000031.wav,frog croaking
vggsound_00,inYhwx_oeA_330.png,inYhwx_oeA_000330.wav,sloshing water
vggsound_00,iscyPtbIYE_79.png,iscyPtbIYE_000079.wav,"alligators, crocodiles hissing"
vggsound_00,ivZoE4ftTI_124.png,ivZoE4ftTI_000124.wav,woodpecker pecking tree
vggsound_00,J4yrwZkBbM_22.png,J4yrwZkBbM_000022.wav,spraying water
vggsound_00,JBH9j7-h8U_30.png,JBH9j7-h8U_000030.wav,duck quacking
vggsound_00,jc0RWAooVI_0.png,jc0RWAooVI_000000.wav,dog barking
vggsound_00,JC9g19P-vU_2.png,JC9g19P-vU_000002.wav,crow cawing
vggsound_00,Jcl3FrHFCc_119.png,Jcl3FrHFCc_000119.wav,airplane flyby
vggsound_00,jDOhnUVwug_0.png,jDOhnUVwug_000000.wav,snake hissing
vggsound_00,JflnolHaIw_60.png,JflnolHaIw_000060.wav,chicken crowing
vggsound_00,jGeejphq3Q_1.png,jGeejphq3Q_000001.wav,airplane
vggsound_00,JioP2hVPEw_5.png,JioP2hVPEw_000005.wav,sheep bleating
vggsound_00,jPDIe-IeVw_100.png,jPDIe-IeVw_000100.wav,"bird chirping, tweeting"
vggsound_00,jQRCubyDVU_30.png,jQRCubyDVU_000030.wav,dog bow-wow
vggsound_00,JVYFW4VyKc_117.png,JVYFW4VyKc_000117.wav,"cattle, bovinae cowbell"
vggsound_00,jy_M41E9Xo_315.png,jy_M41E9Xo_000315.wav,canary calling
vggsound_00,k199QGbju0_25.png,k199QGbju0_000025.wav,horse clip-clop
vggsound_00,K2ZCILVbbk_27.png,K2ZCILVbbk_000027.wav,"rowboat, canoe, kayak rowing"
vggsound_00,k7WZlfTGso_238.png,k7WZlfTGso_000238.wav,fox barking
vggsound_00,kDesTZ4m_M_126.png,kDesTZ4m_M_000126.wav,canary calling
vggsound_00,KifOY3Xxd8_6.png,KifOY3Xxd8_000006.wav,crow cawing
vggsound_00,KJbMzEiYFA_80.png,KJbMzEiYFA_000080.wav,cattle mooing
vggsound_00,kjeTtDDE4I_481.png,kjeTtDDE4I_000481.wav,owl hooting
vggsound_00,kKEV9mrbK4_30.png,kKEV9mrbK4_000030.wav,cat meowing
vggsound_00,KPh8hDLSvc_23.png,KPh8hDLSvc_000023.wav,cheetah chirrup
vggsound_00,KYjWhzJ3Mk_5.png,KYjWhzJ3Mk_000005.wav,cricket chirping
vggsound_00,kyyOO-0GpU_119.png,kyyOO-0GpU_000119.wav,cattle mooing
vggsound_00,Lei1usDQio_20.png,Lei1usDQio_000020.wav,"bird chirping, tweeting"
vggsound_00,LITfve3SnU_20.png,LITfve3SnU_000020.wav,lions growling
vggsound_00,ljMNMbY8fI_30.png,ljMNMbY8fI_000030.wav,"pigeon, dove cooing"
vggsound_00,LmSy9cDMXY_30.png,LmSy9cDMXY_000030.wav,"pigeon, dove cooing"
vggsound_00,Ln9HQ6lLtI_50.png,Ln9HQ6lLtI_000050.wav,cat meowing
vggsound_00,LS-JevBX3E_30.png,LS-JevBX3E_000030.wav,cat meowing
vggsound_00,LTY4b6BNok_63.png,LTY4b6BNok_000063.wav,playing gong
vggsound_00,Lv13WPa4xk_170.png,Lv13WPa4xk_000170.wav,airplane flyby
vggsound_00,lwNEw-ZXlQ_10.png,lwNEw-ZXlQ_000010.wav,dog barking
vggsound_00,M-Zl_498bE_22.png,M-Zl_498bE_000022.wav,raining
vggsound_00,M7ZNV6gLo0_310.png,M7ZNV6gLo0_000310.wav,bird squawking
vggsound_00,M9But-Hb_A_1.png,M9But-Hb_A_000001.wav,crow cawing
vggsound_00,m9Rc7K_fA8_32.png,m9Rc7K_fA8_000032.wav,civil defense siren
vggsound_00,mdPX2djAUY_10.png,mdPX2djAUY_000010.wav,dog barking
vggsound_00,megk3LUqo4_10.png,megk3LUqo4_000010.wav,stream burbling
vggsound_00,mf_OVEWYS0_16.png,mf_OVEWYS0_000016.wav,crow cawing
vggsound_00,MGxPJLnfW0_504.png,MGxPJLnfW0_000504.wav,cat purring
vggsound_00,MHf8CqWM9o_210.png,MHf8CqWM9o_000210.wav,"pigeon, dove cooing"
vggsound_00,mHN3tq6kQw_420.png,mHN3tq6kQw_000420.wav,ocean burbling
vggsound_00,MhRjqy2pZg_127.png,MhRjqy2pZg_000127.wav,cat hissing
vggsound_00,mIg_JJe88s_30.png,mIg_JJe88s_000030.wav,cat meowing
vggsound_00,Mk24ZH_zxg_347.png,Mk24ZH_zxg_000347.wav,"alligators, crocodiles hissing"
vggsound_00,Mms9VsTdQc_30.png,Mms9VsTdQc_000030.wav,goose honking
vggsound_00,mv_v4ltSrY_29.png,mv_v4ltSrY_000029.wav,dinosaurs bellowing
vggsound_00,MWJU5Kuyoc_9.png,MWJU5Kuyoc_000009.wav,snake hissing
vggsound_00,mXdhaci_C4_28.png,mXdhaci_C4_000028.wav,crow cawing
vggsound_00,mxY_r1rHn8_1.png,mxY_r1rHn8_000001.wav,ice cracking
vggsound_00,n24jZadwek_48.png,n24jZadwek_000048.wav,dog howling
vggsound_00,nBBzEXQ4Jg_40.png,nBBzEXQ4Jg_000040.wav,ocean burbling
vggsound_00,nDi8Zp8Cug_50.png,nDi8Zp8Cug_000050.wav,sheep bleating
vggsound_00,niyGVGTLd0_1.png,niyGVGTLd0_000001.wav,bouncing on trampoline
vggsound_00,njdG2dcQx0_220.png,njdG2dcQx0_000220.wav,chimpanzee pant-hooting
vggsound_00,nkbO5QcxuE_116.png,nkbO5QcxuE_000116.wav,bull bellowing
vggsound_00,no4r2Y4qRs_6.png,no4r2Y4qRs_000006.wav,people sneezing
vggsound_00,NPu34as_OY_7.png,NPu34as_OY_000007.wav,cat meowing
vggsound_00,NQl3o-CGwY_98.png,NQl3o-CGwY_000098.wav,elk bugling
vggsound_00,NromfAJyZs_30.png,NromfAJyZs_000030.wav,machine gun shooting
vggsound_00,Ns61v6GYts_24.png,Ns61v6GYts_000024.wav,woodpecker pecking tree
vggsound_00,Nt1irryFtQ_126.png,Nt1irryFtQ_000126.wav,chipmunk chirping
vggsound_00,nT3mgJAIJA_2.png,nT3mgJAIJA_000002.wav,"cattle, bovinae cowbell"
vggsound_00,NT3v_AC1UY_212.png,NT3v_AC1UY_000212.wav,sharpen knife
vggsound_00,NucoIuPWYc_20.png,NucoIuPWYc_000020.wav,cheetah chirrup
vggsound_00,NwBdmVSg1w_0.png,NwBdmVSg1w_000000.wav,cat hissing
vggsound_00,N_dNiJ7_Ng_240.png,N_dNiJ7_Ng_000240.wav,goose honking
vggsound_00,ocADGlyaHc_30.png,ocADGlyaHc_000030.wav,helicopter
vggsound_00,oGJwGEsIiA_90.png,oGJwGEsIiA_000090.wav,splashing water
vggsound_00,OHG7-BI0aU_30.png,OHG7-BI0aU_000030.wav,"pigeon, dove cooing"
vggsound_00,OOLOgPZvvE_10.png,OOLOgPZvvE_000010.wav,"bird chirping, tweeting"
vggsound_00,ORQcjYFpy0_0.png,ORQcjYFpy0_000000.wav,dog growling
vggsound_00,oUnfKomIgE_151.png,oUnfKomIgE_000151.wav,elk bugling
vggsound_00,oYAbM14oPY_49.png,oYAbM14oPY_000049.wav,snake hissing
vggsound_00,P8WLeZ5mqY_7.png,P8WLeZ5mqY_000007.wav,pig oinking
vggsound_00,pDjix-hPlk_0.png,pDjix-hPlk_000000.wav,cat growling
vggsound_00,PEWKIG4y8s_30.png,PEWKIG4y8s_000030.wav,wind noise
vggsound_00,PFrEXbJmMU_14.png,PFrEXbJmMU_000014.wav,bird squawking
vggsound_00,PQ3JgNDAbM_40.png,PQ3JgNDAbM_000040.wav,"bird chirping, tweeting"
vggsound_00,psK5OaoMeg_14.png,psK5OaoMeg_000014.wav,baltimore oriole calling
vggsound_00,pUgeKlzeo8_200.png,pUgeKlzeo8_000200.wav,bull bellowing
vggsound_00,PvlrLjIAYo_9.png,PvlrLjIAYo_000009.wav,parrot talking
vggsound_00,pX4vF6rs8E_3.png,pX4vF6rs8E_000003.wav,baltimore oriole calling
vggsound_00,Pxb9UCVDTg_360.png,Pxb9UCVDTg_000360.wav,bird wings flapping
vggsound_00,PxHPtMJDkI_17.png,PxHPtMJDkI_000017.wav,dog howling
vggsound_00,PyXfNxnHKs_110.png,PyXfNxnHKs_000110.wav,eating with cutlery
vggsound_00,q-nTEAedpw_107.png,q-nTEAedpw_000107.wav,people eating noodle
vggsound_00,q0W7yXJ6oE_40.png,q0W7yXJ6oE_000040.wav,"bird chirping, tweeting"
vggsound_00,qaxrXi1iEs_40.png,qaxrXi1iEs_000040.wav,pig oinking
vggsound_00,qbPc4nh5ac_13.png,qbPc4nh5ac_000013.wav,horse clip-clop
vggsound_00,qgWIh8EtVI_102.png,qgWIh8EtVI_000102.wav,hail
vggsound_00,QiRG_vliUg_5.png,QiRG_vliUg_000005.wav,sheep bleating
vggsound_00,qizkFkLQT4_19.png,qizkFkLQT4_000019.wav,magpie calling
vggsound_00,QJvsrQlfFY_16.png,QJvsrQlfFY_000016.wav,owl hooting
vggsound_00,QlgGKvOyqs_62.png,QlgGKvOyqs_000062.wav,lions roaring
vggsound_00,QuQ17smxoI_90.png,QuQ17smxoI_000090.wav,bird wings flapping
vggsound_00,QXTK5SWOjQ_20.png,QXTK5SWOjQ_000020.wav,black capped chickadee calling
vggsound_00,qymcBqBEN4_20.png,qymcBqBEN4_000020.wav,helicopter
vggsound_00,q_lAaxS2sE_266.png,q_lAaxS2sE_000266.wav,canary calling
vggsound_00,r2qCwJg9Nc_7.png,r2qCwJg9Nc_000007.wav,goose honking
vggsound_00,raITF50hN0_180.png,raITF50hN0_000180.wav,chicken crowing
vggsound_00,RdTZWp4ts4_227.png,RdTZWp4ts4_000227.wav,cattle mooing
vggsound_00,rIH111gwEI_6.png,rIH111gwEI_000006.wav,horse clip-clop
vggsound_00,RJ2GSIuZTA_133.png,RJ2GSIuZTA_000133.wav,"alligators, crocodiles hissing"
vggsound_00,RP1-cUHLT8_22.png,RP1-cUHLT8_000022.wav,cat meowing
vggsound_00,rPJ7Wsc0DM_30.png,rPJ7Wsc0DM_000030.wav,dog barking
vggsound_00,RRHNdjrV98_20.png,RRHNdjrV98_000020.wav,"bird chirping, tweeting"
vggsound_00,rU5ToWaaNo_7.png,rU5ToWaaNo_000007.wav,crow cawing
vggsound_00,Ry71a9oPlo_105.png,Ry71a9oPlo_000105.wav,canary calling
vggsound_00,rZNZoFgOv4_522.png,rZNZoFgOv4_000522.wav,chimpanzee pant-hooting
vggsound_00,RzSvIYehkg_477.png,RzSvIYehkg_000477.wav,cricket chirping
vggsound_00,rZzA3elTJ0_24.png,rZzA3elTJ0_000024.wav,dog bow-wow
vggsound_00,sF7NaTEIQo_141.png,sF7NaTEIQo_000141.wav,airplane flyby
vggsound_00,SgK-t40AoY_40.png,SgK-t40AoY_000040.wav,chainsawing trees
vggsound_00,SWs9oP1MKQ_10.png,SWs9oP1MKQ_000010.wav,"bee, wasp, etc. buzzing"
vggsound_00,SX1EaVK9zo_30.png,SX1EaVK9zo_000030.wav,horse clip-clop
vggsound_00,S_vnRSWMhk_0.png,S_vnRSWMhk_000000.wav,lions growling
vggsound_00,t9LjQdrMiM_114.png,t9LjQdrMiM_000114.wav,playing saxophone
vggsound_00,TCJVC16Ezs_51.png,TCJVC16Ezs_000051.wav,opening or closing drawers
vggsound_00,tEllQwKRB4_19.png,tEllQwKRB4_000019.wav,elk bugling
vggsound_00,TPbVw6Qm8M_15.png,TPbVw6Qm8M_000015.wav,elephant trumpeting
vggsound_00,tPtpv32DZw_10.png,tPtpv32DZw_000010.wav,dog barking
vggsound_00,TUZB1d9ofA_163.png,TUZB1d9ofA_000163.wav,airplane
vggsound_00,TYaP9KMzBA_30.png,TYaP9KMzBA_000030.wav,"pigeon, dove cooing"
vggsound_00,u-40BIU1HE_14.png,u-40BIU1HE_000014.wav,cat hissing
vggsound_00,U3oyhpebSs_50.png,U3oyhpebSs_000050.wav,chicken crowing
vggsound_00,U8bkbpdVgE_58.png,U8bkbpdVgE_000058.wav,cheetah chirrup
vggsound_00,U8ZGresQoo_110.png,U8ZGresQoo_000110.wav,goose honking
vggsound_00,U9Iv5Lhb_c_44.png,U9Iv5Lhb_c_000044.wav,airplane flyby
vggsound_00,ucpKuG36aw_22.png,ucpKuG36aw_000022.wav,mynah bird singing
vggsound_00,uJyJgQ3iys_1.png,uJyJgQ3iys_000001.wav,canary calling
vggsound_00,uoMa7Qm6vs_44.png,uoMa7Qm6vs_000044.wav,owl hooting
vggsound_00,uSKedzGX_M_8.png,uSKedzGX_M_000008.wav,wind noise
vggsound_00,uTMH1SQUpw_4.png,uTMH1SQUpw_000004.wav,bird squawking
vggsound_00,UUhrXI5GAY_1.png,UUhrXI5GAY_000001.wav,gibbon howling
vggsound_00,Uuo0G76AoI_29.png,Uuo0G76AoI_000029.wav,pig oinking
vggsound_00,uvpT-m_d7c_172.png,uvpT-m_d7c_000172.wav,horse neighing
vggsound_00,uvVa3z00rw_10.png,uvVa3z00rw_000010.wav,chicken crowing
vggsound_00,UxlFmoVuPo_30.png,UxlFmoVuPo_000030.wav,dog bow-wow
vggsound_00,U_T33UO3pc_400.png,U_T33UO3pc_000400.wav,dog barking
vggsound_00,U_YyMv2njE_15.png,U_YyMv2njE_000015.wav,turkey gobbling
vggsound_00,v4mnvwHHXM_30.png,v4mnvwHHXM_000030.wav,horse clip-clop
vggsound_00,v7RsB3lMyg_13.png,v7RsB3lMyg_000013.wav,cat meowing
vggsound_00,vczuGgBfFc_23.png,vczuGgBfFc_000023.wav,baltimore oriole calling
vggsound_00,VG70q026Bw_30.png,VG70q026Bw_000030.wav,dog bow-wow
vggsound_00,VS-TWu5FDI_3.png,VS-TWu5FDI_000003.wav,dog whimpering
vggsound_00,VtvcYcrFJ0_24.png,VtvcYcrFJ0_000024.wav,wind noise
vggsound_00,vUZ1sEdcgI_14.png,vUZ1sEdcgI_000014.wav,"cattle, bovinae cowbell"
vggsound_00,VVOm8Ujf_c_157.png,VVOm8Ujf_c_000157.wav,"heart sounds, heartbeat"
vggsound_00,VvrEzDDDvY_0.png,VvrEzDDDvY_000000.wav,"donkey, ass braying"
vggsound_00,VwoWTaeGpk_12.png,VwoWTaeGpk_000012.wav,baltimore oriole calling
vggsound_00,vZ-_4oFCzs_17.png,vZ-_4oFCzs_000017.wav,cat meowing
vggsound_00,w34DFnyChA_38.png,w34DFnyChA_000038.wav,ferret dooking
vggsound_00,w9OfpoUyiI_230.png,w9OfpoUyiI_000230.wav,"bird chirping, tweeting"
vggsound_00,WbYC9rEQN0_115.png,WbYC9rEQN0_000115.wav,airplane flyby
vggsound_00,wh7Q83kzTw_20.png,wh7Q83kzTw_000020.wav,"bird chirping, tweeting"
vggsound_00,WLJlIuYizs_12.png,WLJlIuYizs_000012.wav,"bee, wasp, etc. buzzing"
vggsound_00,WoFxHJpMnI_40.png,WoFxHJpMnI_000040.wav,"bird chirping, tweeting"
vggsound_00,WQdgLxb588_4.png,WQdgLxb588_000004.wav,pheasant crowing
vggsound_00,wqSkOx1vWc_14.png,wqSkOx1vWc_000014.wav,parrot talking
vggsound_00,wSrWM5tDdc_20.png,wSrWM5tDdc_000020.wav,crow cawing
vggsound_00,wTZRGnKHs0_9.png,wTZRGnKHs0_000009.wav,toilet flushing
vggsound_00,wv-pMA5r1w_30.png,wv-pMA5r1w_000030.wav,wind noise
vggsound_00,WyUAnVpexc_30.png,WyUAnVpexc_000030.wav,helicopter
vggsound_00,X0A3uDEbBs_1.png,X0A3uDEbBs_000001.wav,pheasant crowing
vggsound_00,X0E4OYFg-4_15.png,X0E4OYFg-4_000015.wav,horse clip-clop
vggsound_00,XdqpVHyALI_100.png,XdqpVHyALI_000100.wav,wood thrush calling
vggsound_00,XfecwwWE4E_27.png,XfecwwWE4E_000027.wav,owl hooting
vggsound_00,XGsWplBxsk_14.png,XGsWplBxsk_000014.wav,skidding
vggsound_00,XIpY07w9rQ_60.png,XIpY07w9rQ_000060.wav,helicopter
vggsound_00,xo5jlTs0tw_17.png,xo5jlTs0tw_000017.wav,cat purring
vggsound_00,xpc63hW7Wk_91.png,xpc63hW7Wk_000091.wav,mynah bird singing
vggsound_00,xQbyezhw_k_40.png,xQbyezhw_k_000040.wav,hair dryer drying
vggsound_00,xT-irWTSIc_18.png,xT-irWTSIc_000018.wav,otter growling
vggsound_00,xTVeti9VkQ_18.png,xTVeti9VkQ_000018.wav,magpie calling
vggsound_00,XU_IcknTlw_10.png,XU_IcknTlw_000010.wav,chainsawing trees
vggsound_00,XxzXTUaZug_42.png,XxzXTUaZug_000042.wav,running electric fan
vggsound_00,YaJMgeKDxc_70.png,YaJMgeKDxc_000070.wav,wind rustling leaves
vggsound_00,ycoZrbN10M_207.png,ycoZrbN10M_000207.wav,ice cracking
vggsound_00,YejbRQqhFg_242.png,YejbRQqhFg_000242.wav,"bee, wasp, etc. buzzing"
vggsound_00,yLSTRzaQUI_173.png,yLSTRzaQUI_000173.wav,cat hissing
vggsound_00,Yn8d3VTVXg_12.png,Yn8d3VTVXg_000012.wav,parrot talking
vggsound_00,YOPnHIfQiA_21.png,YOPnHIfQiA_000021.wav,parrot talking
vggsound_00,YpovYcGB4I_12.png,YpovYcGB4I_000012.wav,cat meowing
vggsound_00,yrbP7876iI_338.png,yrbP7876iI_000338.wav,people eating noodle
vggsound_00,YrSxLTPdcA_100.png,YrSxLTPdcA_000100.wav,underwater bubbling
vggsound_00,ytHvbzhYLo_140.png,ytHvbzhYLo_000140.wav,driving motorcycle
vggsound_00,z--VHgH4ho_30.png,z--VHgH4ho_000030.wav,horse clip-clop
vggsound_00,z3AAq0FK-0_1.png,z3AAq0FK-0_000001.wav,snake rattling
vggsound_00,ZbSjOGb_sA_210.png,ZbSjOGb_sA_000210.wav,"bird chirping, tweeting"
vggsound_00,zcZ5Zj2yP8_30.png,zcZ5Zj2yP8_000030.wav,"pigeon, dove cooing"
vggsound_00,zfLijU15AA_18.png,zfLijU15AA_000018.wav,airplane flyby
vggsound_00,zfmvtpsQq8_0.png,zfmvtpsQq8_000000.wav,cheetah chirrup
vggsound_00,ZHgSFU6aoQ_2.png,ZHgSFU6aoQ_000002.wav,hail
vggsound_00,ZiYgIPLCrA_30.png,ZiYgIPLCrA_000030.wav,lawn mowing
vggsound_00,zj4jLST1ns_70.png,zj4jLST1ns_000070.wav,"bee, wasp, etc. buzzing"
vggsound_00,zlobk6YPw4_7.png,zlobk6YPw4_000007.wav,mynah bird singing
vggsound_00,ZNkHRqvFmc_5.png,ZNkHRqvFmc_000005.wav,wind rustling leaves
vggsound_00,zpejomEzZk_14.png,zpejomEzZk_000014.wav,dog howling
vggsound_00,ZRub1poH_I_51.png,ZRub1poH_I_000051.wav,cat meowing
vggsound_00,ZVxU_p-J38_21.png,ZVxU_p-J38_000021.wav,goose honking
vggsound_00,ZX5SJ6u2zw_4.png,ZX5SJ6u2zw_000004.wav,magpie calling
vggsound_00,zXAV9pimB4_30.png,zXAV9pimB4_000030.wav,cat meowing
vggsound_00,_doikqlNSY_30.png,_doikqlNSY_000030.wav,cat meowing
vggsound_00,_G4ZYD3Vb0_0.png,_G4ZYD3Vb0_000000.wav,"donkey, ass braying"
vggsound_00,_hO16o613A_102.png,_hO16o613A_000102.wav,chipmunk chirping
vggsound_00,_JNLl_J-_A_13.png,_JNLl_J-_A_000013.wav,cat meowing
vggsound_00,_KYvb4aTZY_14.png,_KYvb4aTZY_000014.wav,lions roaring
vggsound_00,_lIeDXKHEU_16.png,_lIeDXKHEU_000016.wav,"bird chirping, tweeting"
vggsound_00,_yRmyG71Z0_36.png,_yRmyG71Z0_000036.wav,woodpecker pecking tree
vggsound_00,0-D16elwawY_25.png,0-D16elwawY_000025.wav,dog bow-wow
vggsound_00,0-dwett6SGw_17.png,0-dwett6SGw_000017.wav,duck quacking
vggsound_00,0-Fcc0VGdVA_5.png,0-Fcc0VGdVA_000005.wav,black capped chickadee calling
vggsound_00,0-Fkevc0IoA_140.png,0-Fkevc0IoA_000140.wav,eagle screaming
vggsound_00,0-o0oZvSFOk_30.png,0-o0oZvSFOk_000030.wav,goat bleating
vggsound_00,0-P5T-NnLS4_53.png,0-P5T-NnLS4_000053.wav,pig oinking
vggsound_00,004NnY1farU_30.png,004NnY1farU_000030.wav,wind rustling leaves
vggsound_00,0060-ninuKg_456.png,0060-ninuKg_000456.wav,chainsawing trees
vggsound_00,009GwYB4Z7k_30.png,009GwYB4Z7k_000030.wav,crow cawing
vggsound_00,00G_HNUtKtg_6.png,00G_HNUtKtg_000006.wav,cheetah chirrup
vggsound_00,00H4-cKmeNg_153.png,00H4-cKmeNg_000153.wav,duck quacking
vggsound_00,00KM53yZi2A_30.png,00KM53yZi2A_000030.wav,printer printing
vggsound_00,00nQKgFqiKQ_20.png,00nQKgFqiKQ_000020.wav,duck quacking
vggsound_00,00pcp8vNf-k_279.png,00pcp8vNf-k_000279.wav,barn swallow calling
vggsound_00,00PTS5izE8o_38.png,00PTS5izE8o_000038.wav,"bee, wasp, etc. buzzing"
vggsound_00,00R_wZJ8Y4o_20.png,00R_wZJ8Y4o_000020.wav,splashing water
vggsound_00,00SPuXJ0ri0_77.png,00SPuXJ0ri0_000077.wav,chicken crowing
vggsound_00,00tm1g6HAg0_107.png,00tm1g6HAg0_000107.wav,pheasant crowing
vggsound_00,00wORCOKNHw_14.png,00wORCOKNHw_000014.wav,horse clip-clop
vggsound_00,00z0M1DJyAw_90.png,00z0M1DJyAw_000090.wav,turkey gobbling
vggsound_00,0102_FBc_70_0.png,0102_FBc_70_000000.wav,"bird chirping, tweeting"
vggsound_00,011Z5yjq6wo_114.png,011Z5yjq6wo_000114.wav,gibbon howling
vggsound_00,01cQde0EX6I_53.png,01cQde0EX6I_000053.wav,tractor digging
vggsound_00,01GR5c7dSNo_22.png,01GR5c7dSNo_000022.wav,duck quacking
vggsound_00,01hnGC6JgS4_6.png,01hnGC6JgS4_000006.wav,parrot talking
vggsound_00,01Iho7loxL0_15.png,01Iho7loxL0_000015.wav,barn swallow calling
vggsound_00,01IRLV4c-4c_49.png,01IRLV4c-4c_000049.wav,parrot talking
vggsound_00,01qfwq1SlGo_30.png,01qfwq1SlGo_000030.wav,dog bow-wow
vggsound_00,01SaXyGY5SM_30.png,01SaXyGY5SM_000030.wav,cat caterwauling
vggsound_00,01TCDVlMtD0_6.png,01TCDVlMtD0_000006.wav,sheep bleating
vggsound_00,01uvpiKI6Lw_41.png,01uvpiKI6Lw_000041.wav,airplane flyby
vggsound_00,01w-Ub9dLEU_70.png,01w-Ub9dLEU_000070.wav,cattle mooing
vggsound_00,01W8XIz7KDM_7.png,01W8XIz7KDM_000007.wav,"donkey, ass braying"
vggsound_00,01xfi2fGKkg_0.png,01xfi2fGKkg_000000.wav,"bee, wasp, etc. buzzing"
vggsound_00,01xKbbgMwFg_33.png,01xKbbgMwFg_000033.wav,duck quacking
vggsound_00,01_fPuKwyFM_20.png,01_fPuKwyFM_000020.wav,"fly, housefly buzzing"
vggsound_00,024k2nxvSRI_25.png,024k2nxvSRI_000025.wav,"donkey, ass braying"
vggsound_00,02nHX3M2cCQ_20.png,02nHX3M2cCQ_000020.wav,"bird chirping, tweeting"
vggsound_00,02UahUjIv5A_24.png,02UahUjIv5A_000024.wav,chicken crowing
vggsound_00,02W6VBraJ2g_30.png,02W6VBraJ2g_000030.wav,"pigeon, dove cooing"
vggsound_00,02xoNhgmtO8_29.png,02xoNhgmtO8_000029.wav,woodpecker pecking tree
vggsound_00,02_0ce4wQLU_24.png,02_0ce4wQLU_000024.wav,"donkey, ass braying"
vggsound_00,03-DiPMGjO4_10.png,03-DiPMGjO4_000010.wav,driving buses
vggsound_00,03-HWGOFvHQ_100.png,03-HWGOFvHQ_000100.wav,"child speech, kid speaking"
vggsound_00,030h_KwNm-g_3.png,030h_KwNm-g_000003.wav,sheep bleating
vggsound_00,03anSMXRpn4_71.png,03anSMXRpn4_000071.wav,"bird chirping, tweeting"
vggsound_00,03E_DGPKlUs_3.png,03E_DGPKlUs_000003.wav,pheasant crowing
vggsound_00,03n5JE_0euQ_80.png,03n5JE_0euQ_000080.wav,"bee, wasp, etc. buzzing"
vggsound_00,03qcjbP10vk_33.png,03qcjbP10vk_000033.wav,cat purring
vggsound_00,03v7NSP21i0_17.png,03v7NSP21i0_000017.wav,lions roaring
vggsound_00,03zeVlBWhdY_30.png,03zeVlBWhdY_000030.wav,dog whimpering
vggsound_00,040lxxYv3LU_27.png,040lxxYv3LU_000027.wav,vacuum cleaner cleaning floors
vggsound_00,043NNtBgr-0_190.png,043NNtBgr-0_000190.wav,black capped chickadee calling
vggsound_00,044RhIJBsHE_20.png,044RhIJBsHE_000020.wav,pheasant crowing
vggsound_00,047Ivb3e-bE_13.png,047Ivb3e-bE_000013.wav,coyote howling
vggsound_00,04bYW_NU5b4_19.png,04bYW_NU5b4_000019.wav,people whistling
vggsound_00,04cPCTkXXk8_1.png,04cPCTkXXk8_000001.wav,tractor digging
vggsound_00,04Fe_7x2PHU_17.png,04Fe_7x2PHU_000017.wav,elk bugling
vggsound_00,04L5PnWm3SQ_53.png,04L5PnWm3SQ_000053.wav,sea lion barking
vggsound_00,04NubBoru-w_193.png,04NubBoru-w_000193.wav,airplane flyby
vggsound_00,04sf3v7xOzo_5.png,04sf3v7xOzo_000005.wav,cat meowing
vggsound_00,04X6s6U3PCs_22.png,04X6s6U3PCs_000022.wav,crow cawing
vggsound_00,04xCturrmjU_30.png,04xCturrmjU_000030.wav,male singing
vggsound_00,04XpIynhIM0_478.png,04XpIynhIM0_000478.wav,turkey gobbling
vggsound_00,04zNqKUsT_8_0.png,04zNqKUsT_8_000000.wav,dog bow-wow
vggsound_00,04_1N_55VFw_30.png,04_1N_55VFw_000030.wav,cat meowing
vggsound_00,052VMqTM4Xs_0.png,052VMqTM4Xs_000000.wav,"donkey, ass braying"
vggsound_00,05aWe8zJlII_30.png,05aWe8zJlII_000030.wav,"pigeon, dove cooing"
vggsound_00,05bjJNftY98_30.png,05bjJNftY98_000030.wav,"pigeon, dove cooing"
vggsound_00,05d0_CDV7Wc_145.png,05d0_CDV7Wc_000145.wav,elk bugling
vggsound_00,05Frh3DQrM0_24.png,05Frh3DQrM0_000024.wav,woodpecker pecking tree
vggsound_00,05GsUEyThd8_13.png,05GsUEyThd8_000013.wav,parrot talking
vggsound_00,05tNY9RgLP8_40.png,05tNY9RgLP8_000040.wav,cattle mooing
vggsound_00,05UhbRH7Myo_0.png,05UhbRH7Myo_000000.wav,crow cawing
vggsound_00,05W9SXQieEA_11.png,05W9SXQieEA_000011.wav,dog growling
vggsound_00,05z60rujBQQ_55.png,05z60rujBQQ_000055.wav,church bell ringing
vggsound_00,06-tT52YdDs_316.png,06-tT52YdDs_000316.wav,woodpecker pecking tree
vggsound_00,067bxk5ZidA_47.png,067bxk5ZidA_000047.wav,air conditioning noise
vggsound_00,06GyG4-wONQ_17.png,06GyG4-wONQ_000017.wav,chipmunk chirping
vggsound_00,06JrdfCNSso_3.png,06JrdfCNSso_000003.wav,horse clip-clop
vggsound_00,06oXkMCrCP8_1.png,06oXkMCrCP8_000001.wav,fox barking
vggsound_00,06SduhMtp0o_10.png,06SduhMtp0o_000010.wav,bull bellowing
vggsound_00,06T1OXnb36k_0.png,06T1OXnb36k_000000.wav,airplane flyby
vggsound_00,070l31Phzzg_1.png,070l31Phzzg_000001.wav,"donkey, ass braying"
vggsound_00,077_m7wNT3I_20.png,077_m7wNT3I_000020.wav,dog barking
vggsound_00,078o6ZIPHVQ_30.png,078o6ZIPHVQ_000030.wav,goose honking
vggsound_00,07baX78gkB0_30.png,07baX78gkB0_000030.wav,wind rustling leaves
vggsound_00,07RqWEmSIzA_30.png,07RqWEmSIzA_000030.wav,cat caterwauling
vggsound_00,07tE4aqjZuE_30.png,07tE4aqjZuE_000030.wav,chicken crowing
vggsound_00,07TZKibf4_k_350.png,07TZKibf4_k_000350.wav,people whispering
vggsound_00,07v-HWmy9DY_124.png,07v-HWmy9DY_000124.wav,pheasant crowing
vggsound_00,07_7XDxxWl0_91.png,07_7XDxxWl0_000091.wav,woodpecker pecking tree
vggsound_00,08BXqvheGTc_112.png,08BXqvheGTc_000112.wav,canary calling
vggsound_00,08FYojxT5ik_23.png,08FYojxT5ik_000023.wav,dog barking
vggsound_00,08G4z63PShc_12.png,08G4z63PShc_000012.wav,airplane flyby
vggsound_00,08i9TzXcBBE_140.png,08i9TzXcBBE_000140.wav,stream burbling
vggsound_00,08OrHsz8TnI_10.png,08OrHsz8TnI_000010.wav,"bee, wasp, etc. buzzing"
vggsound_00,08wHVd6o5mI_16.png,08wHVd6o5mI_000016.wav,owl hooting
vggsound_00,095CdSbYrFc_30.png,095CdSbYrFc_000030.wav,lawn mowing
vggsound_00,09hPW_9Q8Rw_20.png,09hPW_9Q8Rw_000020.wav,dog bow-wow
vggsound_00,09ImXkepCCc_3.png,09ImXkepCCc_000003.wav,dog barking
vggsound_00,09wyzo6kyF8_74.png,09wyzo6kyF8_000074.wav,"bird chirping, tweeting"
vggsound_00,0A37nQK0q00_134.png,0A37nQK0q00_000134.wav,"cattle, bovinae cowbell"
vggsound_00,0a8acU2Svn8_30.png,0a8acU2Svn8_000030.wav,pig oinking
vggsound_00,0AA5ppkU678_21.png,0AA5ppkU678_000021.wav,lions roaring
vggsound_00,0aEBPBTqMmw_10.png,0aEBPBTqMmw_000010.wav,cattle mooing
vggsound_00,0Aej-3XtYe8_0.png,0Aej-3XtYe8_000000.wav,mouse pattering
vggsound_00,0aGWaUeZJHw_0.png,0aGWaUeZJHw_000000.wav,crow cawing
vggsound_00,0aHtKt20Ou0_0.png,0aHtKt20Ou0_000000.wav,"fly, housefly buzzing"
vggsound_00,0aHtKt20Ou0_0.png,0aHtKt20Ou0_000000.wav,mosquito buzzing
vggsound_00,0alAeNXv8To_30.png,0alAeNXv8To_000030.wav,car passing by
vggsound_00,0aoLIWegrdE_30.png,0aoLIWegrdE_000030.wav,sheep bleating
vggsound_00,0AOpuD_aBgo_233.png,0AOpuD_aBgo_000233.wav,cat purring
vggsound_00,0aPwSLMzze4_5.png,0aPwSLMzze4_000005.wav,pheasant crowing
vggsound_00,0aQJ0cPDA4Q_13.png,0aQJ0cPDA4Q_000013.wav,pheasant crowing
vggsound_00,0aROM-YT000_180.png,0aROM-YT000_000180.wav,squishing water
vggsound_00,0avasiE6NVU_136.png,0avasiE6NVU_000136.wav,cow lowing
vggsound_00,0aVutlThPrI_44.png,0aVutlThPrI_000044.wav,chimpanzee pant-hooting
vggsound_00,0aWak6IRE-w_30.png,0aWak6IRE-w_000030.wav,wind noise
vggsound_00,0AXiOYd9YRY_11.png,0AXiOYd9YRY_000011.wav,dog bow-wow
vggsound_00,0AYyIdZU8pU_30.png,0AYyIdZU8pU_000030.wav,"pigeon, dove cooing"
vggsound_00,0aZ3vvM4V34_10.png,0aZ3vvM4V34_000010.wav,toilet flushing
vggsound_00,0b06i5LzIFw_26.png,0b06i5LzIFw_000026.wav,cat meowing
vggsound_00,0B0s0FaUOts_63.png,0B0s0FaUOts_000063.wav,opening or closing car doors
vggsound_00,0b568XeApIs_90.png,0b568XeApIs_000090.wav,chicken clucking
vggsound_00,0b5pY41n1XI_3.png,0b5pY41n1XI_000003.wav,chicken crowing
vggsound_00,0bbGdjUKQN8_30.png,0bbGdjUKQN8_000030.wav,"pigeon, dove cooing"
vggsound_00,0bBJkY4_zs8_33.png,0bBJkY4_zs8_000033.wav,elk bugling
vggsound_00,0bdB2FBXY98_1.png,0bdB2FBXY98_000001.wav,gibbon howling
vggsound_00,0BDGdUr1N6Y_30.png,0BDGdUr1N6Y_000030.wav,"female speech, woman speaking"
vggsound_00,0BfxqRfOSw0_2.png,0BfxqRfOSw0_000002.wav,"cattle, bovinae cowbell"
vggsound_00,0bGlYKVtcDA_10.png,0bGlYKVtcDA_000010.wav,elk bugling
vggsound_00,0bj1ynHjnR8_26.png,0bj1ynHjnR8_000026.wav,cat meowing
vggsound_00,0BJeWHLuLBQ_14.png,0BJeWHLuLBQ_000014.wav,cricket chirping
vggsound_00,0bLMWd1bSVI_590.png,0bLMWd1bSVI_000590.wav,lions growling
vggsound_00,0bo80EY9R1c_30.png,0bo80EY9R1c_000030.wav,horse clip-clop
vggsound_00,0btuzlmDZm0_17.png,0btuzlmDZm0_000017.wav,snake hissing
vggsound_00,0Bvv9FuLDdc_197.png,0Bvv9FuLDdc_000197.wav,canary calling
vggsound_00,0BxVlCGnnYI_30.png,0BxVlCGnnYI_000030.wav,wind rustling leaves
vggsound_00,0C-5reSgR2w_20.png,0C-5reSgR2w_000020.wav,"bird chirping, tweeting"
vggsound_00,0C0ep4Z_FpU_30.png,0C0ep4Z_FpU_000030.wav,chicken clucking
vggsound_00,0c7SAYJGxjM_30.png,0c7SAYJGxjM_000030.wav,dog bow-wow
vggsound_00,0C933p8gxV0_133.png,0C933p8gxV0_000133.wav,crow cawing
vggsound_00,0Ca2CTVwOxs_19.png,0Ca2CTVwOxs_000019.wav,cuckoo bird calling
vggsound_00,0cgVoP2CQ44_166.png,0cgVoP2CQ44_000166.wav,dinosaurs bellowing
vggsound_00,0CI2Av8piOQ_25.png,0CI2Av8piOQ_000025.wav,car passing by
vggsound_00,0cjluZLFbp8_176.png,0cjluZLFbp8_000176.wav,mynah bird singing
vggsound_00,0cjyDW6Ie8s_30.png,0cjyDW6Ie8s_000030.wav,"pigeon, dove cooing"
vggsound_00,0cLwGNcBgWI_30.png,0cLwGNcBgWI_000030.wav,goose honking
vggsound_00,0Cw7T_rMgn0_12.png,0Cw7T_rMgn0_000012.wav,dog growling
vggsound_00,0CyDJGb0W84_27.png,0CyDJGb0W84_000027.wav,cat purring
vggsound_00,0c_MOnKQxdQ_10.png,0c_MOnKQxdQ_000010.wav,turkey gobbling
vggsound_00,0c_zFIRXgok_28.png,0c_zFIRXgok_000028.wav,sheep bleating
vggsound_00,0dCq9FqAZRM_90.png,0dCq9FqAZRM_000090.wav,splashing water
vggsound_00,0ddWYr_zQ1E_380.png,0ddWYr_zQ1E_000380.wav,chicken crowing
vggsound_00,0deFRA94-oc_30.png,0deFRA94-oc_000030.wav,snake hissing
vggsound_00,0dpVZAeYU2E_90.png,0dpVZAeYU2E_000090.wav,"bird chirping, tweeting"
vggsound_00,0DtJdRFPmS4_30.png,0DtJdRFPmS4_000030.wav,cat meowing
vggsound_00,0Du73o7tUnU_0.png,0Du73o7tUnU_000000.wav,woodpecker pecking tree
vggsound_00,0D_yHRdAe_o_72.png,0D_yHRdAe_o_000072.wav,barn swallow calling
vggsound_00,0E023Q3ulLE_187.png,0E023Q3ulLE_000187.wav,magpie calling
vggsound_00,0e4KuIw9ZP4_0.png,0e4KuIw9ZP4_000000.wav,frog croaking
vggsound_00,0e4OKN5XU4Y_30.png,0e4OKN5XU4Y_000030.wav,lawn mowing
vggsound_00,0E5iHTLtYWg_26.png,0E5iHTLtYWg_000026.wav,chicken crowing
vggsound_00,0eA2QcSRgh0_53.png,0eA2QcSRgh0_000053.wav,dog baying
vggsound_00,0eD2RGpxK8w_300.png,0eD2RGpxK8w_000300.wav,people whispering
vggsound_00,0eDN0YmnJRY_2.png,0eDN0YmnJRY_000002.wav,cheetah chirrup
vggsound_00,0EF2g914rG0_1.png,0EF2g914rG0_000001.wav,crow cawing
vggsound_00,0eG0h--CsUk_14.png,0eG0h--CsUk_000014.wav,lions roaring
vggsound_00,0EJSMY5yfPs_159.png,0EJSMY5yfPs_000159.wav,pheasant crowing
vggsound_00,0ElQwNidBMQ_123.png,0ElQwNidBMQ_000123.wav,coyote howling
vggsound_00,0eNfQDAbn_Y_20.png,0eNfQDAbn_Y_000020.wav,dog barking
vggsound_00,0Eqi2ci-GlQ_30.png,0Eqi2ci-GlQ_000030.wav,horse neighing
vggsound_00,0esmJ-7Y3Iw_20.png,0esmJ-7Y3Iw_000020.wav,cat purring
vggsound_00,0fHdq5mEw3c_406.png,0fHdq5mEw3c_000406.wav,black capped chickadee calling
vggsound_00,0FHSJnza9P8_46.png,0FHSJnza9P8_000046.wav,barn swallow calling
vggsound_00,0fL9V_y32aA_19.png,0fL9V_y32aA_000019.wav,chicken crowing
vggsound_00,0fM3t0eUTW0_14.png,0fM3t0eUTW0_000014.wav,"alligators, crocodiles hissing"
vggsound_00,0fnxq-PtChQ_8.png,0fnxq-PtChQ_000008.wav,snake hissing
vggsound_00,0fuxJQglZY0_16.png,0fuxJQglZY0_000016.wav,cricket chirping
vggsound_00,0FX2fDsp9_o_30.png,0FX2fDsp9_o_000030.wav,dog bow-wow
vggsound_00,0Fym_Eo51p0_15.png,0Fym_Eo51p0_000015.wav,cat meowing
vggsound_00,0G0tdsD5MFo_300.png,0G0tdsD5MFo_000300.wav,chicken crowing
vggsound_00,0G8ZGrenLtk_248.png,0G8ZGrenLtk_000248.wav,canary calling
vggsound_00,0ga0i1FSXZQ_2.png,0ga0i1FSXZQ_000002.wav,coyote howling
vggsound_00,0ge-wKTSBnE_20.png,0ge-wKTSBnE_000020.wav,"bird chirping, tweeting"
vggsound_00,0GhdV_OoAh8_0.png,0GhdV_OoAh8_000000.wav,gibbon howling
vggsound_00,0GHQO8k2htg_0.png,0GHQO8k2htg_000000.wav,chicken crowing
vggsound_00,0GnvsN_8_Sk_3.png,0GnvsN_8_Sk_000003.wav,cat meowing
vggsound_00,0grFyNVu6zg_383.png,0grFyNVu6zg_000383.wav,coyote howling
vggsound_00,0GRnnlLlBqI_130.png,0GRnnlLlBqI_000130.wav,owl hooting
vggsound_00,0gvqDWLoBfQ_10.png,0gvqDWLoBfQ_000010.wav,dog bow-wow
vggsound_00,0HAbgAi0oGo_30.png,0HAbgAi0oGo_000030.wav,goose honking
vggsound_00,0hAK5f1tDok_30.png,0hAK5f1tDok_000030.wav,cat meowing
vggsound_00,0hbWV3wGZS8_20.png,0hbWV3wGZS8_000020.wav,dog bow-wow
vggsound_00,0hCiGC4c97g_23.png,0hCiGC4c97g_000023.wav,crow cawing
vggsound_00,0hdET5bXEwU_10.png,0hdET5bXEwU_000010.wav,horse neighing
vggsound_00,0he6VV5Y9Bg_30.png,0he6VV5Y9Bg_000030.wav,cricket chirping
vggsound_00,0HFdwoHzluM_54.png,0HFdwoHzluM_000054.wav,dog growling
vggsound_00,0HGZIQpcIGc_64.png,0HGZIQpcIGc_000064.wav,bird squawking
vggsound_00,0HHcZtiemS8_160.png,0HHcZtiemS8_000160.wav,frog croaking
vggsound_00,0HKwU_Nb3mU_1.png,0HKwU_Nb3mU_000001.wav,mouse squeaking
vggsound_00,0HmELJ6RgG0_340.png,0HmELJ6RgG0_000340.wav,dog bow-wow
vggsound_00,0HtPR-R7KVI_30.png,0HtPR-R7KVI_000030.wav,ocean burbling
vggsound_00,0ICKYtF-yJs_30.png,0ICKYtF-yJs_000030.wav,horse clip-clop
vggsound_00,0ICYBKffe3Q_29.png,0ICYBKffe3Q_000029.wav,cricket chirping
vggsound_00,0iftG6TSBgg_20.png,0iftG6TSBgg_000020.wav,turkey gobbling
vggsound_00,0irxtsd3mvw_130.png,0irxtsd3mvw_000130.wav,wind rustling leaves
vggsound_00,0isUA2Uj1QY_30.png,0isUA2Uj1QY_000030.wav,black capped chickadee calling
vggsound_00,0IyXjTa_wmQ_111.png,0IyXjTa_wmQ_000111.wav,barn swallow calling
vggsound_00,0izj5OZGtg8_30.png,0izj5OZGtg8_000030.wav,dog bow-wow
vggsound_00,0I_olRe6ONI_30.png,0I_olRe6ONI_000030.wav,playing acoustic guitar
vggsound_00,0J-YBc8hCtA_39.png,0J-YBc8hCtA_000039.wav,cuckoo bird calling
vggsound_00,0J0sN1xeDZM_30.png,0J0sN1xeDZM_000030.wav,dog bow-wow
vggsound_00,0J4S4Kr8_oY_5.png,0J4S4Kr8_oY_000005.wav,gibbon howling
vggsound_00,0J5LtHU3F9Q_10.png,0J5LtHU3F9Q_000010.wav,snake rattling
vggsound_00,0jCTBa8cSKc_30.png,0jCTBa8cSKc_000030.wav,chicken clucking
vggsound_00,0JcXRemBduk_43.png,0JcXRemBduk_000043.wav,mouse squeaking
vggsound_00,0JE4WXw4VFs_22.png,0JE4WXw4VFs_000022.wav,coyote howling
vggsound_00,0jk0xMkoHgI_4.png,0jk0xMkoHgI_000004.wav,car passing by
vggsound_00,0JL4zZs3K38_13.png,0JL4zZs3K38_000013.wav,skiing
vggsound_00,0JmwhBQgF2k_60.png,0JmwhBQgF2k_000060.wav,turkey gobbling
vggsound_00,0JPEQNxx5VI_78.png,0JPEQNxx5VI_000078.wav,barn swallow calling
vggsound_00,0jWAWkL8Pfw_11.png,0jWAWkL8Pfw_000011.wav,turkey gobbling
vggsound_00,0k06jvS4fbI_21.png,0k06jvS4fbI_000021.wav,horse neighing
vggsound_00,0K2kaXP7ckc_16.png,0K2kaXP7ckc_000016.wav,cricket chirping
vggsound_00,0K4QM63pY-w_30.png,0K4QM63pY-w_000030.wav,horse clip-clop
vggsound_00,0kdtRVdF2Zo_70.png,0kdtRVdF2Zo_000070.wav,playing harp
vggsound_00,0kGVS6nRjgA_79.png,0kGVS6nRjgA_000079.wav,frog croaking
vggsound_00,0Khx9BszYuo_10.png,0Khx9BszYuo_000010.wav,stream burbling
vggsound_00,0KiWCZtFvTM_44.png,0KiWCZtFvTM_000044.wav,barn swallow calling
vggsound_00,0kN32Qh44SY_28.png,0kN32Qh44SY_000028.wav,sheep bleating
vggsound_00,0kQnr62Qif4_0.png,0kQnr62Qif4_000000.wav,"cattle, bovinae cowbell"
vggsound_00,0kTHgSzQkfw_10.png,0kTHgSzQkfw_000010.wav,dog barking
vggsound_00,0KWRUdRExUQ_27.png,0KWRUdRExUQ_000027.wav,car passing by
vggsound_00,0kyeEtY-mnI_1.png,0kyeEtY-mnI_000001.wav,zebra braying
vggsound_00,0l7iJNW1sBI_65.png,0l7iJNW1sBI_000065.wav,"cattle, bovinae cowbell"
vggsound_00,0leGeEYWKOM_18.png,0leGeEYWKOM_000018.wav,"pigeon, dove cooing"
vggsound_00,0lej0B9bL2U_30.png,0lej0B9bL2U_000030.wav,"pigeon, dove cooing"
vggsound_00,0lFaVaMEFJY_20.png,0lFaVaMEFJY_000020.wav,turkey gobbling
vggsound_00,0LMhUWdtD_E_27.png,0LMhUWdtD_E_000027.wav,duck quacking
vggsound_00,0LNrs261KaI_21.png,0LNrs261KaI_000021.wav,dog growling
vggsound_00,0lySd-NMpqQ_9.png,0lySd-NMpqQ_000009.wav,hail
vggsound_00,0M5o46rZiLA_11.png,0M5o46rZiLA_000011.wav,coyote howling
vggsound_00,0M9NVhkm_DY_445.png,0M9NVhkm_DY_000445.wav,dinosaurs bellowing
vggsound_00,0mbqh5N2olU_30.png,0mbqh5N2olU_000030.wav,horse clip-clop
vggsound_00,0mEMAU1yC3s_203.png,0mEMAU1yC3s_000203.wav,footsteps on snow
vggsound_00,0MexrFIq30k_1082.png,0MexrFIq30k_001082.wav,mouse pattering
vggsound_00,0mJjxzzrvkc_64.png,0mJjxzzrvkc_000064.wav,civil defense siren
vggsound_00,0MJljXKW7Zo_233.png,0MJljXKW7Zo_000233.wav,parrot talking
vggsound_00,0mNO54fXkoI_43.png,0mNO54fXkoI_000043.wav,cricket chirping
vggsound_00,0mPxFJeLaEc_30.png,0mPxFJeLaEc_000030.wav,"rowboat, canoe, kayak rowing"
vggsound_00,0MU2SG5ME1E_16.png,0MU2SG5ME1E_000016.wav,fox barking
vggsound_00,0mXoMK4PvIw_0.png,0mXoMK4PvIw_000000.wav,goose honking
vggsound_00,0MYkf5Kw78s_30.png,0MYkf5Kw78s_000030.wav,turkey gobbling
vggsound_00,0MZkXDEgPDc_180.png,0MZkXDEgPDc_000180.wav,dinosaurs bellowing
vggsound_00,0N6S5OoG7Vg_150.png,0N6S5OoG7Vg_000150.wav,wind noise
vggsound_00,0ngvZXYdmdI_1.png,0ngvZXYdmdI_000001.wav,"alligators, crocodiles hissing"
vggsound_00,0nib7bMm8BA_15.png,0nib7bMm8BA_000015.wav,canary calling
vggsound_00,0nPtStqMn3Q_109.png,0nPtStqMn3Q_000109.wav,dog howling
vggsound_00,0NQ4q4Dzctg_5.png,0NQ4q4Dzctg_000005.wav,duck quacking
vggsound_00,0NQwdcBXaVI_13.png,0NQwdcBXaVI_000013.wav,bird squawking
vggsound_00,0NZQRllfNhE_140.png,0NZQRllfNhE_000140.wav,mynah bird singing
vggsound_00,0OaHMbusU60_7.png,0OaHMbusU60_000007.wav,sloshing water
vggsound_00,0OfJ9B6o07M_30.png,0OfJ9B6o07M_000030.wav,car passing by
vggsound_00,0OFlTh2_Obo_30.png,0OFlTh2_Obo_000030.wav,dog bow-wow
vggsound_00,0OlvtHD8VM4_10.png,0OlvtHD8VM4_000010.wav,goose honking
vggsound_00,0oMo_qRkU08_12.png,0oMo_qRkU08_000012.wav,dog growling
vggsound_00,0omtm408iqo_100.png,0omtm408iqo_000100.wav,duck quacking
vggsound_00,0OnipS0ueAs_27.png,0OnipS0ueAs_000027.wav,pheasant crowing
vggsound_00,0oOoqxsMkXs_20.png,0oOoqxsMkXs_000020.wav,"bird chirping, tweeting"
vggsound_00,0OpxkRRNY7s_30.png,0OpxkRRNY7s_000030.wav,wind noise
vggsound_00,0oq3D08jq90_0.png,0oq3D08jq90_000000.wav,splashing water
vggsound_00,0oqLJ0xN_T8_14.png,0oqLJ0xN_T8_000014.wav,dog growling
vggsound_00,0OttfOXsP2M_522.png,0OttfOXsP2M_000522.wav,playing trombone
vggsound_00,0OY4I99EZVU_30.png,0OY4I99EZVU_000030.wav,"pigeon, dove cooing"
vggsound_00,0OyYHsYnpPw_20.png,0OyYHsYnpPw_000020.wav,chicken clucking
vggsound_00,0OZ985n1Q1s_19.png,0OZ985n1Q1s_000019.wav,airplane flyby
vggsound_00,0P-BIRNNJXM_34.png,0P-BIRNNJXM_000034.wav,crow cawing
vggsound_00,0P-D0eLQEMU_63.png,0P-D0eLQEMU_000063.wav,barn swallow calling
vggsound_00,0p-KmzyVg-s_2.png,0p-KmzyVg-s_000002.wav,lions roaring
vggsound_00,0PGZgpC4KQk_100.png,0PGZgpC4KQk_000100.wav,turkey gobbling
vggsound_00,0pO23SENQLY_56.png,0pO23SENQLY_000056.wav,hail
vggsound_00,0pPpceBXwK0_30.png,0pPpceBXwK0_000030.wav,dog bow-wow
vggsound_00,0pPUnHDRRnI_30.png,0pPUnHDRRnI_000030.wav,driving buses
vggsound_00,0pvTQC97Y50_77.png,0pvTQC97Y50_000077.wav,pheasant crowing
vggsound_00,0pYpyy1VXdM_80.png,0pYpyy1VXdM_000080.wav,bird squawking
vggsound_00,0pZJa-qmiUw_150.png,0pZJa-qmiUw_000150.wav,cattle mooing
vggsound_00,0pzlBjgnUi0_200.png,0pzlBjgnUi0_000200.wav,lions growling
vggsound_00,0PZQL-Msz0s_30.png,0PZQL-Msz0s_000030.wav,horse clip-clop
vggsound_00,0Q0-RM_bl9A_95.png,0Q0-RM_bl9A_000095.wav,mouse clicking
vggsound_00,0Q93DLTA4Gs_29.png,0Q93DLTA4Gs_000029.wav,crow cawing
vggsound_00,0q9v-2xiOhA_62.png,0q9v-2xiOhA_000062.wav,francolin calling
vggsound_00,0qC99Z0YeMY_210.png,0qC99Z0YeMY_000210.wav,people screaming
vggsound_00,0qCpDOKkppQ_101.png,0qCpDOKkppQ_000101.wav,parrot talking
vggsound_00,0QdW02J2hRQ_326.png,0QdW02J2hRQ_000326.wav,cow lowing
vggsound_00,0qlT_eblMAU_80.png,0qlT_eblMAU_000080.wav,chicken crowing
vggsound_00,0QnlUPpLxFc_18.png,0QnlUPpLxFc_000018.wav,"alligators, crocodiles hissing"
vggsound_00,0qyzwG7i9Q0_200.png,0qyzwG7i9Q0_000200.wav,wind rustling leaves
vggsound_00,0q_hj4WxkJc_22.png,0q_hj4WxkJc_000022.wav,pheasant crowing
vggsound_00,0q_Sqz88QQc_30.png,0q_Sqz88QQc_000030.wav,driving buses
vggsound_00,0R02tNNE-sA_226.png,0R02tNNE-sA_000226.wav,owl hooting
vggsound_00,0R2LA9VwoZo_181.png,0R2LA9VwoZo_000181.wav,parrot talking
vggsound_00,0R85JknaH-w_90.png,0R85JknaH-w_000090.wav,splashing water
vggsound_00,0RCx1Zsak4E_20.png,0RCx1Zsak4E_000020.wav,ferret dooking
vggsound_00,0rh6myVHqY0_177.png,0rh6myVHqY0_000177.wav,francolin calling
vggsound_00,0RHZd1P_H2s_240.png,0RHZd1P_H2s_000240.wav,canary calling
vggsound_00,0rjqUCB5bSo_0.png,0rjqUCB5bSo_000000.wav,lions growling
vggsound_00,0rKz4unZteU_63.png,0rKz4unZteU_000063.wav,hail
vggsound_00,0RN4IMxl7Ng_53.png,0RN4IMxl7Ng_000053.wav,barn swallow calling
vggsound_00,0rNnPFpsphc_40.png,0rNnPFpsphc_000040.wav,roller coaster running
vggsound_00,0ROxo3_v2Ck_18.png,0ROxo3_v2Ck_000018.wav,black capped chickadee calling
vggsound_00,0Rpw7o2B0UQ_2.png,0Rpw7o2B0UQ_000002.wav,chicken crowing
vggsound_00,0rrcR5ML7aI_30.png,0rrcR5ML7aI_000030.wav,"race car, auto racing"
vggsound_00,0RS8hcUxcx0_13.png,0RS8hcUxcx0_000013.wav,horse neighing
vggsound_00,0rTUm59eULg_20.png,0rTUm59eULg_000020.wav,crow cawing
vggsound_00,0rXl6gA08K8_10.png,0rXl6gA08K8_000010.wav,"bird chirping, tweeting"
vggsound_00,0RxqOTKPf3M_30.png,0RxqOTKPf3M_000030.wav,"bird chirping, tweeting"
vggsound_00,0s1uXHl5_8k_30.png,0s1uXHl5_8k_000030.wav,chicken crowing
vggsound_00,0s4KwPvpnPo_15.png,0s4KwPvpnPo_000015.wav,lions roaring
vggsound_00,0s62qg0kfJE_13.png,0s62qg0kfJE_000013.wav,warbler chirping
vggsound_00,0Sb-RvvsaAw_132.png,0Sb-RvvsaAw_000132.wav,horse clip-clop
vggsound_00,0scJOk02a3E_116.png,0scJOk02a3E_000116.wav,woodpecker pecking tree
vggsound_00,0SfB470FtPw_150.png,0SfB470FtPw_000150.wav,lions growling
vggsound_00,0sFKwxue2iw_20.png,0sFKwxue2iw_000020.wav,crow cawing
vggsound_00,0sIYpf3_JWQ_3.png,0sIYpf3_JWQ_000003.wav,frog croaking
vggsound_00,0sLZVWnr_YA_3.png,0sLZVWnr_YA_000003.wav,wind chime
vggsound_00,0sQ0-onguXs_7.png,0sQ0-onguXs_000007.wav,lions roaring
vggsound_00,0sRmdPJY2Ys_22.png,0sRmdPJY2Ys_000022.wav,warbler chirping
vggsound_00,0SuTzbPSwfU_10.png,0SuTzbPSwfU_000010.wav,"donkey, ass braying"
vggsound_00,0SX8oyvqIUk_295.png,0SX8oyvqIUk_000295.wav,airplane flyby
vggsound_00,0s_oO74q1jM_18.png,0s_oO74q1jM_000018.wav,"pigeon, dove cooing"
vggsound_00,0S_vY5BkpAY_0.png,0S_vY5BkpAY_000000.wav,zebra braying
vggsound_00,0T4g052r7VQ_80.png,0T4g052r7VQ_000080.wav,mouse pattering
vggsound_00,0T7dVfxUe6Y_9.png,0T7dVfxUe6Y_000009.wav,wind noise
vggsound_00,0Tb3_g47768_28.png,0Tb3_g47768_000028.wav,wind noise
vggsound_00,0TBt0al3ITY_30.png,0TBt0al3ITY_000030.wav,chicken crowing
vggsound_00,0teMcpgy9Jo_58.png,0teMcpgy9Jo_000058.wav,pheasant crowing
vggsound_00,0ti14lvd2Aw_0.png,0ti14lvd2Aw_000000.wav,pheasant crowing
vggsound_00,0tRkJ1CppTA_19.png,0tRkJ1CppTA_000019.wav,mynah bird singing
vggsound_00,0tVAvtqtKM0_282.png,0tVAvtqtKM0_000282.wav,barn swallow calling
vggsound_00,0tw6feOOTXI_18.png,0tw6feOOTXI_000018.wav,crow cawing
vggsound_00,0TYk-aEufg4_8.png,0TYk-aEufg4_000008.wav,door slamming
vggsound_00,0u1yfeSUumk_31.png,0u1yfeSUumk_000031.wav,crow cawing
vggsound_00,0u2CYqdYlCY_142.png,0u2CYqdYlCY_000142.wav,raining
vggsound_00,0U2wg5Q34-s_2.png,0U2wg5Q34-s_000002.wav,toilet flushing
vggsound_00,0u3ViA0JEtw_10.png,0u3ViA0JEtw_000010.wav,dog howling
vggsound_00,0U6ebFYFPjk_30.png,0U6ebFYFPjk_000030.wav,chicken crowing
vggsound_00,0U9_6RyH3_M_30.png,0U9_6RyH3_M_000030.wav,mouse squeaking
vggsound_00,0uab4-3d6MM_30.png,0uab4-3d6MM_000030.wav,cat meowing
vggsound_00,0uCvzUDL5H0_30.png,0uCvzUDL5H0_000030.wav,duck quacking
vggsound_00,0UEClS6XhZ0_30.png,0UEClS6XhZ0_000030.wav,dog bow-wow
vggsound_00,0UKzyBqyhGc_27.png,0UKzyBqyhGc_000027.wav,cat meowing
vggsound_00,0ulzEfgbj0g_30.png,0ulzEfgbj0g_000030.wav,"pigeon, dove cooing"
vggsound_00,0uOCCKQ3jQk_19.png,0uOCCKQ3jQk_000019.wav,fox barking
vggsound_00,0Upm6kw8dxE_30.png,0Upm6kw8dxE_000030.wav,pig oinking
vggsound_00,0uPnviLdUtc_2.png,0uPnviLdUtc_000002.wav,goose honking
vggsound_00,0upP8cF_LY0_17.png,0upP8cF_LY0_000017.wav,chicken crowing
vggsound_00,0uRJWLMPNxQ_1.png,0uRJWLMPNxQ_000001.wav,black capped chickadee calling
vggsound_00,0UwGAkxjR8c_821.png,0UwGAkxjR8c_000821.wav,people slurping
vggsound_00,0U_ytdBQKuU_69.png,0U_ytdBQKuU_000069.wav,woodpecker pecking tree
vggsound_00,0VaWzVLOWvE_120.png,0VaWzVLOWvE_000120.wav,people coughing
vggsound_00,0VbN89q-cUU_102.png,0VbN89q-cUU_000102.wav,parrot talking
vggsound_00,0vFY4a7TW0g_0.png,0vFY4a7TW0g_000000.wav,zebra braying
vggsound_00,0vhNdiOFwjA_75.png,0vhNdiOFwjA_000075.wav,woodpecker pecking tree
vggsound_00,0viVGHuNVIc_120.png,0viVGHuNVIc_000120.wav,skidding
vggsound_00,0viwV_cf8CA_0.png,0viwV_cf8CA_000000.wav,francolin calling
vggsound_00,0vJ9IdwDZgI_30.png,0vJ9IdwDZgI_000030.wav,sheep bleating
vggsound_00,0Vk7uLPqayM_20.png,0Vk7uLPqayM_000020.wav,dog barking
vggsound_00,0vK_6B2ikEA_0.png,0vK_6B2ikEA_000000.wav,cattle mooing
vggsound_00,0VPuWBiObdY_43.png,0VPuWBiObdY_000043.wav,gibbon howling
vggsound_00,0vqhg7bEjA8_19.png,0vqhg7bEjA8_000019.wav,gibbon howling
vggsound_00,0vSmiq7CrCk_12.png,0vSmiq7CrCk_000012.wav,horse neighing
vggsound_00,0vuejQjGkB4_30.png,0vuejQjGkB4_000030.wav,lawn mowing
vggsound_00,0VuwrRTt12o_190.png,0VuwrRTt12o_000190.wav,lawn mowing
vggsound_00,0vXqf9ix8LE_30.png,0vXqf9ix8LE_000030.wav,cricket chirping
vggsound_00,0w8MeZhUngw_175.png,0w8MeZhUngw_000175.wav,parrot talking
vggsound_00,0wcSspkfXDw_269.png,0wcSspkfXDw_000269.wav,parrot talking
vggsound_00,0wdcRK_4fJY_100.png,0wdcRK_4fJY_000100.wav,people screaming
vggsound_00,0wdY2gvGLcQ_16.png,0wdY2gvGLcQ_000016.wav,dog baying
vggsound_00,0welW-8hB1c_71.png,0welW-8hB1c_000071.wav,black capped chickadee calling
vggsound_00,0whpk53GUl0_10.png,0whpk53GUl0_000010.wav,black capped chickadee calling
vggsound_00,0WL1gKM13mY_0.png,0WL1gKM13mY_000000.wav,mynah bird singing
vggsound_00,0WlD9Ee6Dbw_30.png,0WlD9Ee6Dbw_000030.wav,pig oinking
vggsound_00,0wLnf2NhnI8_5.png,0wLnf2NhnI8_000005.wav,owl hooting
vggsound_00,0WltuWee7VM_165.png,0WltuWee7VM_000165.wav,squishing water
vggsound_00,0wqZM5o6Woc_14.png,0wqZM5o6Woc_000014.wav,snake hissing
vggsound_00,0wSIUkC0agk_39.png,0wSIUkC0agk_000039.wav,canary calling
vggsound_00,0WwxN4pYDcg_14.png,0WwxN4pYDcg_000014.wav,lions roaring
vggsound_00,0Wxl_LzqguI_288.png,0Wxl_LzqguI_000288.wav,people battle cry
vggsound_00,0X1c0-MSBRI_15.png,0X1c0-MSBRI_000015.wav,cat caterwauling
vggsound_00,0x3NNynmtOQ_25.png,0x3NNynmtOQ_000025.wav,eagle screaming
vggsound_00,0X7NJRFQKkA_30.png,0X7NJRFQKkA_000030.wav,wind noise
vggsound_00,0x9TnOQ5Nhw_20.png,0x9TnOQ5Nhw_000020.wav,"pigeon, dove cooing"
vggsound_00,0xcMNhl8_tY_111.png,0xcMNhl8_tY_000111.wav,owl hooting
vggsound_00,0XDEooC1h7s_0.png,0XDEooC1h7s_000000.wav,cow lowing
vggsound_00,0XGMNVKYVbs_357.png,0XGMNVKYVbs_000357.wav,foghorn
vggsound_00,0XgTXBuKWV8_60.png,0XgTXBuKWV8_000060.wav,mosquito buzzing
vggsound_00,0xh034vi36A_80.png,0xh034vi36A_000080.wav,lions growling
vggsound_00,0XhLs0edQfM_95.png,0XhLs0edQfM_000095.wav,wind rustling leaves
vggsound_00,0xl-v8YHSnw_9.png,0xl-v8YHSnw_000009.wav,lions growling
vggsound_00,0XMeGiszPYE_30.png,0XMeGiszPYE_000030.wav,cat meowing
vggsound_00,0Xoyjfzpbk8_0.png,0Xoyjfzpbk8_000000.wav,lions roaring
vggsound_00,0XR0EQBxzZk_30.png,0XR0EQBxzZk_000030.wav,dog bow-wow
vggsound_00,0XSNrKgA94g_30.png,0XSNrKgA94g_000030.wav,thunder
vggsound_00,0Xsny5M-hyE_140.png,0Xsny5M-hyE_000140.wav,people sniggering
vggsound_00,0xU8tO1TQ2Q_105.png,0xU8tO1TQ2Q_000105.wav,"bird chirping, tweeting"
vggsound_00,0xU8tO1TQ2Q_105.png,0xU8tO1TQ2Q_000105.wav,bird squawking
vggsound_00,0xWCJdaIR-Q_100.png,0xWCJdaIR-Q_000100.wav,crow cawing
vggsound_00,0xzbWmrJCa0_30.png,0xzbWmrJCa0_000030.wav,cat meowing
vggsound_00,0XzJKHmoN6w_19.png,0XzJKHmoN6w_000019.wav,duck quacking
vggsound_00,0y2PavBJnck_0.png,0y2PavBJnck_000000.wav,dog growling
vggsound_00,0y8holzjSWY_27.png,0y8holzjSWY_000027.wav,fox barking
vggsound_00,0yazbdyl0Wk_164.png,0yazbdyl0Wk_000164.wav,francolin calling
vggsound_00,0Yb_MlkV4us_925.png,0Yb_MlkV4us_000925.wav,cheetah chirrup
vggsound_00,0ych9v2urFw_127.png,0ych9v2urFw_000127.wav,elk bugling
vggsound_00,0YcSmMy8hDg_192.png,0YcSmMy8hDg_000192.wav,mynah bird singing
vggsound_00,0ye5dMJM1cs_123.png,0ye5dMJM1cs_000123.wav,mynah bird singing
vggsound_00,0YE7RAvC0Mk_29.png,0YE7RAvC0Mk_000029.wav,"donkey, ass braying"
vggsound_00,0YIXD7_8NMk_31.png,0YIXD7_8NMk_000031.wav,woodpecker pecking tree
vggsound_00,0ylskGarjLg_410.png,0ylskGarjLg_000410.wav,"bird chirping, tweeting"
vggsound_00,0yneHvRg0dE_70.png,0yneHvRg0dE_000070.wav,"bee, wasp, etc. buzzing"
vggsound_00,0YqtcjfQkFM_119.png,0YqtcjfQkFM_000119.wav,people sneezing
vggsound_00,0yraX-pTtP4_10.png,0yraX-pTtP4_000010.wav,goose honking
vggsound_00,0yrfK7Rwbns_30.png,0yrfK7Rwbns_000030.wav,"pigeon, dove cooing"
vggsound_00,0yTG1Yrnmak_30.png,0yTG1Yrnmak_000030.wav,"bird chirping, tweeting"
vggsound_00,0YwpNBdx40A_13.png,0YwpNBdx40A_000013.wav,"donkey, ass braying"
vggsound_00,0zB0pl7zkoU_30.png,0zB0pl7zkoU_000030.wav,mouse squeaking
vggsound_00,0ZEPdAyz6Sg_30.png,0ZEPdAyz6Sg_000030.wav,"bird chirping, tweeting"
vggsound_00,0ZGt4GjihSY_30.png,0ZGt4GjihSY_000030.wav,helicopter
vggsound_00,0ziJKgMbnW0_614.png,0ziJKgMbnW0_000614.wav,footsteps on snow
vggsound_00,0zjb1cI6aEs_13.png,0zjb1cI6aEs_000013.wav,cat meowing
vggsound_00,0ZJgVZsadxU_0.png,0ZJgVZsadxU_000000.wav,airplane flyby
vggsound_00,0zkB7VPxiOE_65.png,0zkB7VPxiOE_000065.wav,dog baying
vggsound_00,0zV7DNJNFH0_17.png,0zV7DNJNFH0_000017.wav,wind noise
vggsound_00,0ZVII_Np0ME_2.png,0ZVII_Np0ME_000002.wav,"bird chirping, tweeting"
vggsound_00,0ZZ_wdnsc10_30.png,0ZZ_wdnsc10_000030.wav,cat caterwauling
vggsound_00,0_BM28c_xw4_0.png,0_BM28c_xw4_000000.wav,people farting
vggsound_00,0_GEITaByIw_29.png,0_GEITaByIw_000029.wav,cheetah chirrup
vggsound_00,0_I6B2Z0rE4_54.png,0_I6B2Z0rE4_000054.wav,chicken crowing
vggsound_00,0_J0BWiW7-k_12.png,0_J0BWiW7-k_000012.wav,dog bow-wow
vggsound_00,0_kuKQlFKZg_0.png,0_kuKQlFKZg_000000.wav,cat purring
vggsound_00,0_tKs2LX0NQ_130.png,0_tKs2LX0NQ_000130.wav,rope skipping
vggsound_00,0_W0umzpsu8_20.png,0_W0umzpsu8_000020.wav,people whistling
vggsound_00,1-9ryaEsFc8_1.png,1-9ryaEsFc8_000001.wav,lions roaring
vggsound_00,1-EDbzIS6Tw_7.png,1-EDbzIS6Tw_000007.wav,dog bow-wow
vggsound_00,1-J5ByJcrc4_66.png,1-J5ByJcrc4_000066.wav,snake rattling
vggsound_00,1-T4A6yQDE0_67.png,1-T4A6yQDE0_000067.wav,chicken crowing
vggsound_00,1-zyF4G4HTg_2.png,1-zyF4G4HTg_000002.wav,cat caterwauling
vggsound_00,10CD2jzutSw_182.png,10CD2jzutSw_000182.wav,cow lowing
vggsound_00,10JMr_3UN0g_30.png,10JMr_3UN0g_000030.wav,wind noise
vggsound_00,11ruZHgyTKM_30.png,11ruZHgyTKM_000030.wav,chicken crowing
vggsound_00,11yzfOhTjb0_30.png,11yzfOhTjb0_000030.wav,"pigeon, dove cooing"
vggsound_00,12dYN4J6yjA_20.png,12dYN4J6yjA_000020.wav,pheasant crowing
vggsound_00,12LeM3284C8_28.png,12LeM3284C8_000028.wav,waterfall burbling
vggsound_00,12lHWBzDR9E_30.png,12lHWBzDR9E_000030.wav,dog barking
vggsound_00,12niFjIVJh4_17.png,12niFjIVJh4_000017.wav,civil defense siren
vggsound_00,12oTdzzK-OI_29.png,12oTdzzK-OI_000029.wav,mynah bird singing
vggsound_00,12T-9dLEbY8_20.png,12T-9dLEbY8_000020.wav,bird squawking
vggsound_00,12ZFOEOQsP8_130.png,12ZFOEOQsP8_000130.wav,lions growling
vggsound_00,137Af5KGX88_26.png,137Af5KGX88_000026.wav,magpie calling
vggsound_00,13IwnnHXRTc_10.png,13IwnnHXRTc_000010.wav,"bird chirping, tweeting"
vggsound_00,13k8j37ktV4_40.png,13k8j37ktV4_000040.wav,chicken clucking
vggsound_00,13QUBj_VlIc_25.png,13QUBj_VlIc_000025.wav,cat meowing
vggsound_00,13X5JrQ6thU_154.png,13X5JrQ6thU_000154.wav,"bee, wasp, etc. buzzing"
vggsound_00,13xZgRl9XD4_30.png,13xZgRl9XD4_000030.wav,mouse pattering
vggsound_00,14gkYaVctY4_100.png,14gkYaVctY4_000100.wav,stream burbling
vggsound_00,14lBeX_dOHU_234.png,14lBeX_dOHU_000234.wav,canary calling
vggsound_00,14M6BsT5bnA_68.png,14M6BsT5bnA_000068.wav,mouse squeaking
vggsound_00,14Q0NMUfQjg_132.png,14Q0NMUfQjg_000132.wav,penguins braying
vggsound_00,15GXea-bu8o_42.png,15GXea-bu8o_000042.wav,mynah bird singing
vggsound_00,15kKOFwUq9I_4.png,15kKOFwUq9I_000004.wav,gibbon howling
vggsound_00,15nVe6RwUNM_19.png,15nVe6RwUNM_000019.wav,cat meowing
vggsound_00,15OWGo5QhDU_0.png,15OWGo5QhDU_000000.wav,playing clarinet
vggsound_00,15SMY7VasG0_21.png,15SMY7VasG0_000021.wav,"vehicle horn, car horn, honking"
vggsound_00,15vwA27hSNU_15.png,15vwA27hSNU_000015.wav,parrot talking
vggsound_00,16By2WkNjF4_78.png,16By2WkNjF4_000078.wav,cat meowing
vggsound_00,16d3D1AWFu8_20.png,16d3D1AWFu8_000020.wav,lawn mowing
vggsound_00,16iyjFCwta4_30.png,16iyjFCwta4_000030.wav,chicken clucking
vggsound_00,16th_TIPv84_30.png,16th_TIPv84_000030.wav,cat meowing
vggsound_00,16uHPimwt7k_48.png,16uHPimwt7k_000048.wav,popping popcorn
vggsound_00,17budAttRBk_30.png,17budAttRBk_000030.wav,"pigeon, dove cooing"
vggsound_00,17Jq0QqK4k0_5.png,17Jq0QqK4k0_000005.wav,cricket chirping
vggsound_00,17L2VkXtcQ0_30.png,17L2VkXtcQ0_000030.wav,chicken crowing
vggsound_00,17vfpNS8hxo_0.png,17vfpNS8hxo_000000.wav,chimpanzee pant-hooting
vggsound_00,17ViI9Y_3S8_21.png,17ViI9Y_3S8_000021.wav,mynah bird singing
vggsound_00,17WW_p1N7BQ_30.png,17WW_p1N7BQ_000030.wav,cat meowing
vggsound_00,182KslkLu0o_14.png,182KslkLu0o_000014.wav,"donkey, ass braying"
vggsound_00,18aaA2efGng_370.png,18aaA2efGng_000370.wav,"bee, wasp, etc. buzzing"
vggsound_00,18AC5qDvkbI_17.png,18AC5qDvkbI_000017.wav,civil defense siren
vggsound_00,18gKN6szUrs_1.png,18gKN6szUrs_000001.wav,civil defense siren
vggsound_00,18Jx-R2aq1M_220.png,18Jx-R2aq1M_000220.wav,wind rustling leaves
vggsound_00,18KaShe9H5E_5.png,18KaShe9H5E_000005.wav,wood thrush calling
vggsound_00,18r-Vtspi8g_30.png,18r-Vtspi8g_000030.wav,splashing water
vggsound_00,18wCo_UbwTc_18.png,18wCo_UbwTc_000018.wav,owl hooting
vggsound_00,190Zx0wVrhQ_3.png,190Zx0wVrhQ_000003.wav,cat hissing
vggsound_00,193LFGdTdFA_33.png,193LFGdTdFA_000033.wav,parrot talking
vggsound_00,19CAnVHWWho_210.png,19CAnVHWWho_000210.wav,"bird chirping, tweeting"
vggsound_00,19nq-yWNsF4_15.png,19nq-yWNsF4_000015.wav,goose honking
vggsound_00,19r6_MQei4M_119.png,19r6_MQei4M_000119.wav,dinosaurs bellowing
vggsound_00,19UTZe1Gwj4_30.png,19UTZe1Gwj4_000030.wav,cat meowing
vggsound_00,19U_xEyytHI_30.png,19U_xEyytHI_000030.wav,chicken clucking
vggsound_00,1ACxG_JEwoE_35.png,1ACxG_JEwoE_000035.wav,"fly, housefly buzzing"
vggsound_00,1AjYKvdjOJM_6.png,1AjYKvdjOJM_000006.wav,dog bow-wow
vggsound_00,1AMK_sDyOys_13.png,1AMK_sDyOys_000013.wav,dog howling
vggsound_00,1AMmezgvEqY_44.png,1AMmezgvEqY_000044.wav,cheetah chirrup
vggsound_00,1Apm_RvTYaM_23.png,1Apm_RvTYaM_000023.wav,lighting firecrackers
vggsound_00,1AZ1GiBsPoE_30.png,1AZ1GiBsPoE_000030.wav,dog bow-wow
vggsound_00,1B8BzH9_QbE_51.png,1B8BzH9_QbE_000051.wav,elk bugling
vggsound_00,1BchyQSB3ds_0.png,1BchyQSB3ds_000000.wav,mosquito buzzing
vggsound_00,1BgsmndYANA_27.png,1BgsmndYANA_000027.wav,car passing by
vggsound_00,1BPgkxbbmvM_360.png,1BPgkxbbmvM_000360.wav,stream burbling
vggsound_00,1BZWUrkr2pw_90.png,1BZWUrkr2pw_000090.wav,"bee, wasp, etc. buzzing"
vggsound_00,1C0BxpKY7hY_166.png,1C0BxpKY7hY_000166.wav,arc welding
vggsound_00,1CDReVzF9yY_10.png,1CDReVzF9yY_000010.wav,lions growling
vggsound_00,1CElnrcR1Vg_21.png,1CElnrcR1Vg_000021.wav,dog growling
vggsound_00,1CIxvYI7lgo_30.png,1CIxvYI7lgo_000030.wav,"pigeon, dove cooing"
vggsound_00,1CRvPsMwqrc_30.png,1CRvPsMwqrc_000030.wav,duck quacking
vggsound_00,1CT3KxoGOkc_17.png,1CT3KxoGOkc_000017.wav,door slamming
vggsound_00,1D2kEFhf3Wg_480.png,1D2kEFhf3Wg_000480.wav,"bird chirping, tweeting"
vggsound_00,1D6UsaTflJ8_60.png,1D6UsaTflJ8_000060.wav,bird wings flapping
vggsound_00,1D9cqLzTDWU_200.png,1D9cqLzTDWU_000200.wav,lions growling
vggsound_00,1DA6Pgfj9FQ_17.png,1DA6Pgfj9FQ_000017.wav,parrot talking
vggsound_00,1DcHGY78gSI_110.png,1DcHGY78gSI_000110.wav,bird wings flapping
vggsound_00,1Dd3CazyXTY_19.png,1Dd3CazyXTY_000019.wav,dog bow-wow
vggsound_00,1DedKHtknnw_20.png,1DedKHtknnw_000020.wav,owl hooting
vggsound_00,1DVyj_Q5f0A_12.png,1DVyj_Q5f0A_000012.wav,cat meowing
vggsound_00,1Dwas5JeSpw_538.png,1Dwas5JeSpw_000538.wav,mosquito buzzing
vggsound_00,1DWjMcOqmLo_46.png,1DWjMcOqmLo_000046.wav,chicken clucking
vggsound_00,1Dy_UhBzFJ4_392.png,1Dy_UhBzFJ4_000392.wav,pig oinking
vggsound_00,1E0zqSI7TlA_5.png,1E0zqSI7TlA_000005.wav,cheetah chirrup
vggsound_00,1E7DC6-VMzc_1.png,1E7DC6-VMzc_000001.wav,canary calling
vggsound_00,1EJVuOwyDVI_0.png,1EJVuOwyDVI_000000.wav,people whistling
vggsound_00,1Eqq8JVTQ2Y_0.png,1Eqq8JVTQ2Y_000000.wav,cricket chirping
vggsound_00,1ErYMAPWojc_30.png,1ErYMAPWojc_000030.wav,"pigeon, dove cooing"
vggsound_00,1ETeBLkMRwA_50.png,1ETeBLkMRwA_000050.wav,dog barking
vggsound_00,1ETrMAVZdY8_30.png,1ETrMAVZdY8_000030.wav,"bird chirping, tweeting"
vggsound_00,1EzrXW59irA_0.png,1EzrXW59irA_000000.wav,bird squawking
vggsound_00,1F-jIu9oy6A_60.png,1F-jIu9oy6A_000060.wav,splashing water
vggsound_00,1F4KWTkPjaY_67.png,1F4KWTkPjaY_000067.wav,canary calling
vggsound_00,1Fezl5GCee8_155.png,1Fezl5GCee8_000155.wav,magpie calling
vggsound_00,1FFuSIZ-1e8_3.png,1FFuSIZ-1e8_000003.wav,magpie calling
vggsound_00,1Fh1KK8-JTE_16.png,1Fh1KK8-JTE_000016.wav,snake rattling
vggsound_00,1FlSb6Tja5o_146.png,1FlSb6Tja5o_000146.wav,warbler chirping
vggsound_00,1FOKvagRg3U_30.png,1FOKvagRg3U_000030.wav,wind noise
vggsound_00,1Fp3Hj5j1zE_15.png,1Fp3Hj5j1zE_000015.wav,horse clip-clop
vggsound_00,1FPGv3Gq45A_180.png,1FPGv3Gq45A_000180.wav,lions growling
vggsound_00,1FWUnWVX5Xk_159.png,1FWUnWVX5Xk_000159.wav,baltimore oriole calling
vggsound_00,1G20_5e_WgI_30.png,1G20_5e_WgI_000030.wav,horse clip-clop
vggsound_00,1G7SoQYB7vs_39.png,1G7SoQYB7vs_000039.wav,civil defense siren
vggsound_00,1GCzEAELChA_51.png,1GCzEAELChA_000051.wav,snake hissing
vggsound_00,1GQwM2VYRUY_0.png,1GQwM2VYRUY_000000.wav,gibbon howling
vggsound_00,1GVBLLJ4JaA_20.png,1GVBLLJ4JaA_000020.wav,lions growling
vggsound_00,1H6sOay0DWw_30.png,1H6sOay0DWw_000030.wav,"bird chirping, tweeting"
vggsound_00,1HCZgyJuISs_16.png,1HCZgyJuISs_000016.wav,wind rustling leaves
vggsound_00,1HoiAzrtvSE_14.png,1HoiAzrtvSE_000014.wav,woodpecker pecking tree
vggsound_00,1HsuNROpMNM_28.png,1HsuNROpMNM_000028.wav,dog bow-wow
vggsound_00,1HU4rzVD5Sc_0.png,1HU4rzVD5Sc_000000.wav,duck quacking
vggsound_00,1HX4IBKQurA_5.png,1HX4IBKQurA_000005.wav,turkey gobbling
vggsound_00,1HY_SqhdK8g_51.png,1HY_SqhdK8g_000051.wav,pheasant crowing
vggsound_00,1I3JArEMMus_30.png,1I3JArEMMus_000030.wav,goose honking
vggsound_00,1I8-xUNuxU0_108.png,1I8-xUNuxU0_000108.wav,lighting firecrackers
vggsound_00,1IIzopcjBAs_2.png,1IIzopcjBAs_000002.wav,mynah bird singing
vggsound_00,1IJ3NECmqQc_0.png,1IJ3NECmqQc_000000.wav,baltimore oriole calling
vggsound_00,1INnQRgjdFE_190.png,1INnQRgjdFE_000190.wav,driving motorcycle
vggsound_00,1Ir8Bw7CBIw_24.png,1Ir8Bw7CBIw_000024.wav,hail
vggsound_00,1J5rbm5eew4_20.png,1J5rbm5eew4_000020.wav,sheep bleating
vggsound_00,1JeG9jl6VzY_340.png,1JeG9jl6VzY_000340.wav,people belly laughing
vggsound_00,1JPqkOC2Ok8_5.png,1JPqkOC2Ok8_000005.wav,door slamming
vggsound_00,1JQnaf1JdWU_5.png,1JQnaf1JdWU_000005.wav,cat meowing
vggsound_00,1JsIcP2nXMw_108.png,1JsIcP2nXMw_000108.wav,fox barking
vggsound_00,1JXM9NXf_gA_13.png,1JXM9NXf_gA_000013.wav,pig oinking
vggsound_00,1K4Na7vHsyc_105.png,1K4Na7vHsyc_000105.wav,crow cawing
vggsound_00,1Kb6GNZClSM_140.png,1Kb6GNZClSM_000140.wav,hail
vggsound_00,1KCqn-RZ8-s_11.png,1KCqn-RZ8-s_000011.wav,cat meowing
vggsound_00,1KpqiBhyP7Q_66.png,1KpqiBhyP7Q_000066.wav,ferret dooking
vggsound_00,1KvB472eABE_30.png,1KvB472eABE_000030.wav,dog bow-wow
vggsound_00,1KZ0cJhqmW4_60.png,1KZ0cJhqmW4_000060.wav,dog barking
vggsound_00,1L-dRAzdp5g_65.png,1L-dRAzdp5g_000065.wav,wood thrush calling
vggsound_00,1L4m4IIRjqM_36.png,1L4m4IIRjqM_000036.wav,crow cawing
vggsound_00,1L5wHX361tY_0.png,1L5wHX361tY_000000.wav,bouncing on trampoline
vggsound_00,1LBBA76-TuQ_320.png,1LBBA76-TuQ_000320.wav,helicopter
vggsound_00,1LGQ1dUHT0Q_0.png,1LGQ1dUHT0Q_000000.wav,dog bow-wow
vggsound_00,1LMjHB2wFdU_258.png,1LMjHB2wFdU_000258.wav,gibbon howling
vggsound_00,1LTnydTiaQI_32.png,1LTnydTiaQI_000032.wav,"cattle, bovinae cowbell"
vggsound_00,1LTxZ2aNytc_30.png,1LTxZ2aNytc_000030.wav,people screaming
vggsound_00,1Lu0uFN4OeE_3.png,1Lu0uFN4OeE_000003.wav,sliding door
vggsound_00,1LY5-RLywME_30.png,1LY5-RLywME_000030.wav,"bird chirping, tweeting"
vggsound_00,1MBBJxTiCEk_90.png,1MBBJxTiCEk_000090.wav,people running
vggsound_00,1MDP9gGy2y8_0.png,1MDP9gGy2y8_000000.wav,chicken crowing
vggsound_00,1MhMnHG8oGY_43.png,1MhMnHG8oGY_000043.wav,black capped chickadee calling
vggsound_00,1MsmkXkW4GI_102.png,1MsmkXkW4GI_000102.wav,magpie calling
vggsound_00,1Mvw2601xRg_158.png,1Mvw2601xRg_000158.wav,cuckoo bird calling
vggsound_00,1MyfmLRXEjw_0.png,1MyfmLRXEjw_000000.wav,dinosaurs bellowing
vggsound_00,1Nm7UqNx9zs_61.png,1Nm7UqNx9zs_000061.wav,squishing water
vggsound_00,1NMBzLkKUok_12.png,1NMBzLkKUok_000012.wav,hail
vggsound_00,1NwoL7fn1Qk_40.png,1NwoL7fn1Qk_000040.wav,cat meowing
vggsound_00,1NyRX854uAo_105.png,1NyRX854uAo_000105.wav,dog baying
vggsound_00,1Okv_hyEqQE_117.png,1Okv_hyEqQE_000117.wav,coyote howling
vggsound_00,1OPYPx3M94I_30.png,1OPYPx3M94I_000030.wav,dog bow-wow
vggsound_00,1OSxHrPX27c_6.png,1OSxHrPX27c_000006.wav,goose honking
vggsound_00,1OWTShlIpeM_109.png,1OWTShlIpeM_000109.wav,elk bugling
vggsound_00,1OZX9-GDF3c_0.png,1OZX9-GDF3c_000000.wav,cat caterwauling
vggsound_00,1PCkIkolqy4_30.png,1PCkIkolqy4_000030.wav,wind noise
vggsound_00,1PoQXeRabzk_43.png,1PoQXeRabzk_000043.wav,coyote howling
vggsound_00,1PUsE3eCC4g_225.png,1PUsE3eCC4g_000225.wav,elk bugling
vggsound_00,1PVIOZ2_YyQ_139.png,1PVIOZ2_YyQ_000139.wav,pheasant crowing
vggsound_00,1Q3iRHdOW9I_1.png,1Q3iRHdOW9I_000001.wav,crow cawing
vggsound_00,1QmBJcNaX-Y_37.png,1QmBJcNaX-Y_000037.wav,parrot talking
vggsound_00,1QWd2fVos8s_104.png,1QWd2fVos8s_000104.wav,"bird chirping, tweeting"
vggsound_00,1R6bSUQkQMg_122.png,1R6bSUQkQMg_000122.wav,dog baying
vggsound_00,1R9oQMMFc24_18.png,1R9oQMMFc24_000018.wav,chicken clucking
vggsound_00,1RB0gsxkPBo_20.png,1RB0gsxkPBo_000020.wav,lions growling
vggsound_00,1RhCZdabo4k_30.png,1RhCZdabo4k_000030.wav,"bird chirping, tweeting"
vggsound_00,1Rjd83ztqLk_16.png,1Rjd83ztqLk_000016.wav,cuckoo bird calling
vggsound_00,1RlJ7dvh5uQ_18.png,1RlJ7dvh5uQ_000018.wav,horse clip-clop
vggsound_00,1RNq7dbRpWU_16.png,1RNq7dbRpWU_000016.wav,cat meowing
vggsound_00,1S9eqzFk-IE_80.png,1S9eqzFk-IE_000080.wav,helicopter
vggsound_00,1SJFTbu1abo_42.png,1SJFTbu1abo_000042.wav,canary calling
vggsound_00,1SLeqPXGZJo_60.png,1SLeqPXGZJo_000060.wav,horse neighing
vggsound_00,1SS2znsKaBA_30.png,1SS2znsKaBA_000030.wav,goose honking
vggsound_00,1T21QSqCpP8_0.png,1T21QSqCpP8_000000.wav,francolin calling
vggsound_00,1TDm3qxTMUk_0.png,1TDm3qxTMUk_000000.wav,elephant trumpeting
vggsound_00,1TioqrwHUzs_30.png,1TioqrwHUzs_000030.wav,goose honking
vggsound_00,1TKMjjF35Nc_40.png,1TKMjjF35Nc_000040.wav,chicken clucking
vggsound_00,1TmgbUkgyw0_122.png,1TmgbUkgyw0_000122.wav,otter growling
vggsound_00,1TRZMO6ARFk_136.png,1TRZMO6ARFk_000136.wav,spraying water
vggsound_00,1TVTxk01aNc_235.png,1TVTxk01aNc_000235.wav,cat purring
vggsound_00,1TZfeIRwt_Y_37.png,1TZfeIRwt_Y_000037.wav,spraying water
vggsound_00,1U3JM75Z5es_30.png,1U3JM75Z5es_000030.wav,dog bow-wow
vggsound_00,1UDFq2InljM_10.png,1UDFq2InljM_000010.wav,people coughing
vggsound_00,1UjlHlM4sxs_30.png,1UjlHlM4sxs_000030.wav,"pigeon, dove cooing"
vggsound_00,1UjPZCh_Et4_0.png,1UjPZCh_Et4_000000.wav,pheasant crowing
vggsound_00,1UNk699Uqto_30.png,1UNk699Uqto_000030.wav,goose honking
vggsound_00,1UUm76cH6gI_30.png,1UUm76cH6gI_000030.wav,dog bow-wow
vggsound_00,1Uv9aw0lUGs_30.png,1Uv9aw0lUGs_000030.wav,owl hooting
vggsound_00,1Uw0xB_h3MY_28.png,1Uw0xB_h3MY_000028.wav,cat caterwauling
vggsound_00,1Uwm_DuNVu4_2.png,1Uwm_DuNVu4_000002.wav,fire truck siren
vggsound_00,1UXkMZNI5o4_373.png,1UXkMZNI5o4_000373.wav,wood thrush calling
vggsound_00,1V-_H7F7oB0_30.png,1V-_H7F7oB0_000030.wav,people running
vggsound_00,1V4dOLDD02Q_5.png,1V4dOLDD02Q_000005.wav,lions roaring
vggsound_00,1V65GzuCqaw_30.png,1V65GzuCqaw_000030.wav,"bird chirping, tweeting"
vggsound_00,1VA1HlxgKm4_19.png,1VA1HlxgKm4_000019.wav,horse clip-clop
vggsound_00,1VHm2PacRWc_20.png,1VHm2PacRWc_000020.wav,cow lowing
vggsound_00,1VNLBAQYDac_74.png,1VNLBAQYDac_000074.wav,magpie calling
vggsound_00,1VPLhdQgQyE_2.png,1VPLhdQgQyE_000002.wav,cat meowing
vggsound_00,1Vs2oGm_EMg_30.png,1Vs2oGm_EMg_000030.wav,chicken clucking
vggsound_00,1VxQzoBrJaQ_68.png,1VxQzoBrJaQ_000068.wav,cricket chirping
vggsound_00,1WbvSHeHf5g_45.png,1WbvSHeHf5g_000045.wav,pheasant crowing
vggsound_00,1WGfcIOLUK8_30.png,1WGfcIOLUK8_000030.wav,dog barking
vggsound_00,1WVuvMIKi7o_50.png,1WVuvMIKi7o_000050.wav,dog barking
vggsound_02,49hqgCiJ44w_50.png,49hqgCiJ44w_000050.wav,chicken crowing
vggsound_02,4a2cXp1KbnE_12.png,4a2cXp1KbnE_000012.wav,airplane flyby
vggsound_02,4A3_lLVLpUg_340.png,4A3_lLVLpUg_000340.wav,helicopter
vggsound_02,4aA3D2Z2Wv8_3.png,4aA3D2Z2Wv8_000003.wav,turkey gobbling
vggsound_02,4Aa5AEzTGfI_18.png,4Aa5AEzTGfI_000018.wav,bull bellowing
vggsound_02,4AFZcyWd7S4_27.png,4AFZcyWd7S4_000027.wav,dog growling
vggsound_02,4ahfaUYefKM_14.png,4ahfaUYefKM_000014.wav,parrot talking
vggsound_02,4ahH0rlE6Kc_46.png,4ahH0rlE6Kc_000046.wav,cat growling
vggsound_02,4Aj3Dh648ug_103.png,4Aj3Dh648ug_000103.wav,mouse squeaking
vggsound_02,4ak9H1rX_g8_2.png,4ak9H1rX_g8_000002.wav,gibbon howling
vggsound_02,4akwLXNv5ZM_394.png,4akwLXNv5ZM_000394.wav,"bird chirping, tweeting"
vggsound_02,4amPvuOnsSM_283.png,4amPvuOnsSM_000283.wav,"donkey, ass braying"
vggsound_02,4APTjM2MQDM_13.png,4APTjM2MQDM_000013.wav,"cattle, bovinae cowbell"
vggsound_02,4aR88-YLypo_116.png,4aR88-YLypo_000116.wav,playing lacrosse
vggsound_02,4aTMef_vDxE_0.png,4aTMef_vDxE_000000.wav,bird squawking
vggsound_02,4Au6hL7urlY_296.png,4Au6hL7urlY_000296.wav,"fly, housefly buzzing"
vggsound_02,4AYySiliYAw_10.png,4AYySiliYAw_000010.wav,dog barking
vggsound_02,4B5oNZxGQjQ_3.png,4B5oNZxGQjQ_000003.wav,chicken crowing
vggsound_02,4bDIiIXdyS0_22.png,4bDIiIXdyS0_000022.wav,dog bow-wow
vggsound_02,4BFbWuN33lU_147.png,4BFbWuN33lU_000147.wav,pheasant crowing
vggsound_02,4BfgygJEowo_44.png,4BfgygJEowo_000044.wav,mynah bird singing
vggsound_02,4BFjHgWHsCw_60.png,4BFjHgWHsCw_000060.wav,"pigeon, dove cooing"
vggsound_02,4BFOgNwhpkQ_303.png,4BFOgNwhpkQ_000303.wav,eagle screaming
vggsound_02,4BK-071pAfI_30.png,4BK-071pAfI_000030.wav,cat meowing
vggsound_02,4bLFS9KnHJU_30.png,4bLFS9KnHJU_000030.wav,cat meowing
vggsound_02,4blQ5wRV7XA_30.png,4blQ5wRV7XA_000030.wav,driving motorcycle
vggsound_02,4BmwtWwpoE4_0.png,4BmwtWwpoE4_000000.wav,"fly, housefly buzzing"
vggsound_02,4BWu4qQ0ghM_2.png,4BWu4qQ0ghM_000002.wav,wind rustling leaves
vggsound_02,4c38rC-BdRU_16.png,4c38rC-BdRU_000016.wav,warbler chirping
vggsound_02,4C7ejWmrtA0_234.png,4C7ejWmrtA0_000234.wav,baltimore oriole calling
vggsound_02,4cbh7Rd9Fwk_130.png,4cbh7Rd9Fwk_000130.wav,horse clip-clop
vggsound_02,4CEETmSr-c0_23.png,4CEETmSr-c0_000023.wav,coyote howling
vggsound_02,4cF8-do5MrY_87.png,4cF8-do5MrY_000087.wav,frog croaking
vggsound_02,4cLz8nCEek8_398.png,4cLz8nCEek8_000398.wav,cricket chirping
vggsound_02,4CqTJwQy9io_30.png,4CqTJwQy9io_000030.wav,"pigeon, dove cooing"
vggsound_02,4Cr8qWn9iMw_30.png,4Cr8qWn9iMw_000030.wav,horse clip-clop
vggsound_02,4ctbltakDP8_395.png,4ctbltakDP8_000395.wav,coyote howling
vggsound_02,4CVdbEcEaJk_10.png,4CVdbEcEaJk_000010.wav,chicken crowing
vggsound_02,4CX6euE7j58_147.png,4CX6euE7j58_000147.wav,eagle screaming
vggsound_02,4d-dT9YBedc_117.png,4d-dT9YBedc_000117.wav,elephant trumpeting
vggsound_02,4d213Q_i9OA_9.png,4d213Q_i9OA_000009.wav,"donkey, ass braying"
vggsound_02,4D5S6IVrtf8_4.png,4D5S6IVrtf8_000004.wav,dog baying
vggsound_02,4D63tbO14h8_30.png,4D63tbO14h8_000030.wav,crow cawing
vggsound_02,4dC9raNUgIw_30.png,4dC9raNUgIw_000030.wav,horse clip-clop
vggsound_02,4DDfD4-cEVo_168.png,4DDfD4-cEVo_000168.wav,airplane flyby
vggsound_02,4ddyDovIcLw_230.png,4ddyDovIcLw_000230.wav,"bee, wasp, etc. buzzing"
vggsound_02,4dmBaDl584M_0.png,4dmBaDl584M_000000.wav,dog barking
vggsound_02,4duQCsZVkD0_102.png,4duQCsZVkD0_000102.wav,barn swallow calling
vggsound_02,4DwLRe4CDXw_43.png,4DwLRe4CDXw_000043.wav,bull bellowing
vggsound_02,4DzjrPVhR8Q_45.png,4DzjrPVhR8Q_000045.wav,magpie calling
vggsound_02,4D_sMXaCfWM_29.png,4D_sMXaCfWM_000029.wav,francolin calling
vggsound_02,4e-SX9wMWGE_40.png,4e-SX9wMWGE_000040.wav,mynah bird singing
vggsound_02,4EIIFgEuNhc_40.png,4EIIFgEuNhc_000040.wav,"bird chirping, tweeting"
vggsound_02,4eJsy4CELz4_40.png,4eJsy4CELz4_000040.wav,sea lion barking
vggsound_02,4EKVllBav_s_11.png,4EKVllBav_s_000011.wav,rope skipping
vggsound_02,4EmVX0_CcBM_30.png,4EmVX0_CcBM_000030.wav,horse clip-clop
vggsound_02,4ENNzjy8QjU_77.png,4ENNzjy8QjU_000077.wav,bird squawking
vggsound_02,4EP-fDhBdfo_43.png,4EP-fDhBdfo_000043.wav,gibbon howling
vggsound_02,4epl0cI2-Ew_30.png,4epl0cI2-Ew_000030.wav,people belly laughing
vggsound_02,4eRPBeJ7tlY_0.png,4eRPBeJ7tlY_000000.wav,chicken crowing
vggsound_02,4ESdgtDZ9kM_30.png,4ESdgtDZ9kM_000030.wav,"pigeon, dove cooing"
vggsound_02,4EULWLB1R_Q_0.png,4EULWLB1R_Q_000000.wav,splashing water
vggsound_02,4euUZgSSuIw_160.png,4euUZgSSuIw_000160.wav,woodpecker pecking tree
vggsound_02,4eWrvMGnXL4_16.png,4eWrvMGnXL4_000016.wav,snake rattling
vggsound_02,4eXcUgIt60A_46.png,4eXcUgIt60A_000046.wav,lighting firecrackers
vggsound_02,4f05q_UD-Q0_20.png,4f05q_UD-Q0_000020.wav,snake rattling
vggsound_02,4f4R-i163gg_21.png,4f4R-i163gg_000021.wav,"cattle, bovinae cowbell"
vggsound_02,4fbYb88nno8_30.png,4fbYb88nno8_000030.wav,"pigeon, dove cooing"
vggsound_02,4Fd0bVItvvU_107.png,4Fd0bVItvvU_000107.wav,canary calling
vggsound_02,4fFQNjlYN8o_30.png,4fFQNjlYN8o_000030.wav,dog bow-wow
vggsound_02,4fhl9xIVUFw_50.png,4fhl9xIVUFw_000050.wav,cattle mooing
vggsound_02,4fiR3qashxE_0.png,4fiR3qashxE_000000.wav,cattle mooing
vggsound_02,4fUBy0bT8U8_590.png,4fUBy0bT8U8_000590.wav,"bee, wasp, etc. buzzing"
vggsound_02,4G-ZZ70keus_8.png,4G-ZZ70keus_000008.wav,dinosaurs bellowing
vggsound_02,4GclkzsR830_30.png,4GclkzsR830_000030.wav,car passing by
vggsound_02,4GGUH7ykdCg_22.png,4GGUH7ykdCg_000022.wav,duck quacking
vggsound_02,4GP2faR6zV0_37.png,4GP2faR6zV0_000037.wav,frog croaking
vggsound_02,4GqmBIvQbI8_30.png,4GqmBIvQbI8_000030.wav,cricket chirping
vggsound_02,4GrS-i4j-Ls_30.png,4GrS-i4j-Ls_000030.wav,raining
vggsound_02,4GRwOM5VUYk_153.png,4GRwOM5VUYk_000153.wav,mynah bird singing
vggsound_02,4gSRzRQie2M_1.png,4gSRzRQie2M_000001.wav,cat meowing
vggsound_02,4gtBg3U6sos_20.png,4gtBg3U6sos_000020.wav,horse neighing
vggsound_02,4gyda6wcww0_30.png,4gyda6wcww0_000030.wav,dog barking
vggsound_02,4h3mQd_2H-I_11.png,4h3mQd_2H-I_000011.wav,owl hooting
vggsound_02,4H7EONWx85w_1.png,4H7EONWx85w_000001.wav,horse neighing
vggsound_02,4hjW385XyHE_30.png,4hjW385XyHE_000030.wav,cat meowing
vggsound_02,4HKnHx7fDbE_18.png,4HKnHx7fDbE_000018.wav,"engine accelerating, revving, vroom"
vggsound_02,4hl-3oay7c0_7.png,4hl-3oay7c0_000007.wav,pumping water
vggsound_02,4HlGbrNuyPU_4.png,4HlGbrNuyPU_000004.wav,"donkey, ass braying"
vggsound_02,4hMpfbdjIjo_40.png,4hMpfbdjIjo_000040.wav,cat purring
vggsound_02,4hpZtZyh0Xs_4.png,4hpZtZyh0Xs_000004.wav,pheasant crowing
vggsound_02,4Hs1yZu1GAU_520.png,4Hs1yZu1GAU_000520.wav,eating with cutlery
vggsound_02,4HsobupsnCQ_18.png,4HsobupsnCQ_000018.wav,wind noise
vggsound_02,4hUysAJFmf8_40.png,4hUysAJFmf8_000040.wav,stream burbling
vggsound_02,4i-4ftqMeo0_7.png,4i-4ftqMeo0_000007.wav,sheep bleating
vggsound_02,4ieUQEjLU1U_129.png,4ieUQEjLU1U_000129.wav,owl hooting
vggsound_02,4IFl3EnMxxI_91.png,4IFl3EnMxxI_000091.wav,chicken crowing
vggsound_02,4iGsAv1Idrs_15.png,4iGsAv1Idrs_000015.wav,cat caterwauling
vggsound_02,4isFtP23Sh0_25.png,4isFtP23Sh0_000025.wav,cat caterwauling
vggsound_02,4izwBJEV0qA_40.png,4izwBJEV0qA_000040.wav,dog barking
vggsound_02,4j-_8M8qWk0_39.png,4j-_8M8qWk0_000039.wav,airplane flyby
vggsound_02,4j2scmsFwIc_28.png,4j2scmsFwIc_000028.wav,crow cawing
vggsound_02,4J79-x4eUDs_15.png,4J79-x4eUDs_000015.wav,chicken clucking
vggsound_02,4Jc8UZHaqHw_19.png,4Jc8UZHaqHw_000019.wav,dog bow-wow
vggsound_02,4jDqaqqvLVQ_30.png,4jDqaqqvLVQ_000030.wav,chicken crowing
vggsound_02,4JdWCxoLFOA_0.png,4JdWCxoLFOA_000000.wav,chicken clucking
vggsound_02,4Jgrh_vsz1Y_35.png,4Jgrh_vsz1Y_000035.wav,"bee, wasp, etc. buzzing"
vggsound_02,4jGrLhMLulA_14.png,4jGrLhMLulA_000014.wav,sheep bleating
vggsound_02,4jgTmzXNKRk_30.png,4jgTmzXNKRk_000030.wav,duck quacking
vggsound_02,4jKkc7qQQ88_16.png,4jKkc7qQQ88_000016.wav,dog baying
vggsound_02,4JM9hN6gPuc_126.png,4JM9hN6gPuc_000126.wav,rope skipping
vggsound_02,4JpCHnZtEyo_0.png,4JpCHnZtEyo_000000.wav,cattle mooing
vggsound_02,4JQmuyt8hsc_126.png,4JQmuyt8hsc_000126.wav,cuckoo bird calling
vggsound_02,4jWllOiVygA_30.png,4jWllOiVygA_000030.wav,cat caterwauling
vggsound_02,4jY6qjpgxJc_15.png,4jY6qjpgxJc_000015.wav,dog growling
vggsound_02,4JyAaW9BKLA_40.png,4JyAaW9BKLA_000040.wav,chicken clucking
vggsound_02,4jyvga149tU_30.png,4jyvga149tU_000030.wav,horse neighing
vggsound_02,4k4Tzdu-Qss_63.png,4k4Tzdu-Qss_000063.wav,canary calling
vggsound_02,4k74Cvw2rLU_160.png,4k74Cvw2rLU_000160.wav,bird squawking
vggsound_02,4Kbj5xnJlUU_0.png,4Kbj5xnJlUU_000000.wav,chicken crowing
vggsound_02,4kCre4Wwh6o_45.png,4kCre4Wwh6o_000045.wav,pheasant crowing
vggsound_02,4KFxK3ZLIu8_0.png,4KFxK3ZLIu8_000000.wav,frog croaking
vggsound_02,4kIhJhN_ry8_262.png,4kIhJhN_ry8_000262.wav,pheasant crowing
vggsound_02,4Kl_h0_VJBk_30.png,4Kl_h0_VJBk_000030.wav,horse clip-clop
vggsound_02,4kq_eW1NcDs_80.png,4kq_eW1NcDs_000080.wav,ferret dooking
vggsound_02,4ks0_dkWNGw_10.png,4ks0_dkWNGw_000010.wav,cat meowing
vggsound_02,4KsbE72cgaQ_0.png,4KsbE72cgaQ_000000.wav,dog howling
vggsound_02,4ksEvXq-i7w_110.png,4ksEvXq-i7w_000110.wav,cat meowing
vggsound_02,4kT-lzQNJF4_30.png,4kT-lzQNJF4_000030.wav,horse neighing
vggsound_02,4ku0PSzJgiM_3.png,4ku0PSzJgiM_000003.wav,owl hooting
vggsound_02,4L05BFOGJVM_520.png,4L05BFOGJVM_000520.wav,"bee, wasp, etc. buzzing"
vggsound_02,4l1Wz4faxkc_31.png,4l1Wz4faxkc_000031.wav,snake rattling
vggsound_02,4LdoBnpB36k_0.png,4LdoBnpB36k_000000.wav,wind noise
vggsound_02,4lERySWydkU_0.png,4lERySWydkU_000000.wav,lions growling
vggsound_02,4LI2wTUPuBA_3.png,4LI2wTUPuBA_000003.wav,otter growling
vggsound_02,4LKZEtrw4pE_0.png,4LKZEtrw4pE_000000.wav,"bee, wasp, etc. buzzing"
vggsound_02,4lOTeIsN6wc_17.png,4lOTeIsN6wc_000017.wav,duck quacking
vggsound_02,4lPLQzBT84E_30.png,4lPLQzBT84E_000030.wav,cat meowing
vggsound_02,4lpu8RIA6_k_330.png,4lpu8RIA6_k_000330.wav,people screaming
vggsound_02,4Lq-4xTloi8_100.png,4Lq-4xTloi8_000100.wav,dog growling
vggsound_02,4lS2ABk5KYU_55.png,4lS2ABk5KYU_000055.wav,otter growling
vggsound_02,4lwG34wZYdY_55.png,4lwG34wZYdY_000055.wav,barn swallow calling
vggsound_02,4lYQD8oNIi8_30.png,4lYQD8oNIi8_000030.wav,horse neighing
vggsound_02,4M35aTnePxw_3.png,4M35aTnePxw_000003.wav,"cattle, bovinae cowbell"
vggsound_02,4mC1ppSeN28_0.png,4mC1ppSeN28_000000.wav,"donkey, ass braying"
vggsound_02,4mCpxmwhci4_49.png,4mCpxmwhci4_000049.wav,cat caterwauling
vggsound_02,4MFthfTa8wU_30.png,4MFthfTa8wU_000030.wav,goose honking
vggsound_02,4Mgp_IE0MN8_30.png,4Mgp_IE0MN8_000030.wav,raining
vggsound_02,4mK2qKQjnuc_30.png,4mK2qKQjnuc_000030.wav,"pigeon, dove cooing"
vggsound_02,4ml0JMCNOR4_164.png,4ml0JMCNOR4_000164.wav,woodpecker pecking tree
vggsound_02,4MMJcx7Cnkw_24.png,4MMJcx7Cnkw_000024.wav,dog baying
vggsound_02,4MqUQHDs-PA_0.png,4MqUQHDs-PA_000000.wav,"donkey, ass braying"
vggsound_02,4MRvNpPsJeg_22.png,4MRvNpPsJeg_000022.wav,crow cawing
vggsound_02,4Ms9p-aW_Ac_3.png,4Ms9p-aW_Ac_000003.wav,horse neighing
vggsound_02,4msoB74uypo_30.png,4msoB74uypo_000030.wav,"pigeon, dove cooing"
vggsound_02,4mswzuaZjnQ_30.png,4mswzuaZjnQ_000030.wav,cat meowing
vggsound_02,4MTFkHIgWwg_71.png,4MTFkHIgWwg_000071.wav,barn swallow calling
vggsound_02,4MUis_i5bKQ_18.png,4MUis_i5bKQ_000018.wav,scuba diving
vggsound_02,4MZJSS0_7VA_22.png,4MZJSS0_7VA_000022.wav,spraying water
vggsound_02,4MztFzXuZAA_29.png,4MztFzXuZAA_000029.wav,mynah bird singing
vggsound_02,4N-nt5AVINM_19.png,4N-nt5AVINM_000019.wav,dog howling
vggsound_02,4N54GWAqSag_20.png,4N54GWAqSag_000020.wav,chicken clucking
vggsound_02,4N5T7vcgG4E_77.png,4N5T7vcgG4E_000077.wav,canary calling
vggsound_02,4n7X62O0E1k_4.png,4n7X62O0E1k_000004.wav,bull bellowing
vggsound_02,4NAe7ZU74Cc_142.png,4NAe7ZU74Cc_000142.wav,frog croaking
vggsound_02,4NaHlz3d1Iw_12.png,4NaHlz3d1Iw_000012.wav,elk bugling
vggsound_02,4NdyU7NjggM_30.png,4NdyU7NjggM_000030.wav,wind noise
vggsound_02,4negcLvXq8A_23.png,4negcLvXq8A_000023.wav,ocean burbling
vggsound_02,4NfkEPEMDl4_3.png,4NfkEPEMDl4_000003.wav,barn swallow calling
vggsound_02,4NfrFeGN0XA_30.png,4NfrFeGN0XA_000030.wav,dog bow-wow
vggsound_02,4nhmvjZHhg8_30.png,4nhmvjZHhg8_000030.wav,"bird chirping, tweeting"
vggsound_02,4nn2IkQcoZ4_4.png,4nn2IkQcoZ4_000004.wav,"donkey, ass braying"
vggsound_02,4npuBancLyY_147.png,4npuBancLyY_000147.wav,wind noise
vggsound_02,4nsoFVx6MZ4_17.png,4nsoFVx6MZ4_000017.wav,cat meowing
vggsound_02,4NtW-6yByKE_32.png,4NtW-6yByKE_000032.wav,pheasant crowing
vggsound_02,4nVnNB8op10_80.png,4nVnNB8op10_000080.wav,dog barking
vggsound_02,4NXlPkc4_zQ_0.png,4NXlPkc4_zQ_000000.wav,"cattle, bovinae cowbell"
vggsound_02,4N_Bj_RK8Cw_30.png,4N_Bj_RK8Cw_000030.wav,horse neighing
vggsound_02,4n_g-Qjy2n4_10.png,4n_g-Qjy2n4_000010.wav,zebra braying
vggsound_02,4o1YlJioDHE_22.png,4o1YlJioDHE_000022.wav,"pigeon, dove cooing"
vggsound_02,4ocLv3bI-O8_3.png,4ocLv3bI-O8_000003.wav,"fly, housefly buzzing"
vggsound_02,4OHsVm83BqM_3.png,4OHsVm83BqM_000003.wav,warbler chirping
vggsound_02,4OKEASka254_30.png,4OKEASka254_000030.wav,turkey gobbling
vggsound_02,4oNMRGGEGfM_27.png,4oNMRGGEGfM_000027.wav,"bird chirping, tweeting"
vggsound_02,4OpHAQCuFiU_30.png,4OpHAQCuFiU_000030.wav,"pigeon, dove cooing"
vggsound_02,4oqBCyfd4ro_129.png,4oqBCyfd4ro_000129.wav,barn swallow calling
vggsound_02,4Owj52XhoxI_13.png,4Owj52XhoxI_000013.wav,bird squawking
vggsound_02,4Pi3pHJh5P0_220.png,4Pi3pHJh5P0_000220.wav,fox barking
vggsound_02,4pjcLnx3dMs_14.png,4pjcLnx3dMs_000014.wav,cat meowing
vggsound_02,4pKWWCDsvmk_28.png,4pKWWCDsvmk_000028.wav,crow cawing
vggsound_02,4pL3dJQxw0Q_244.png,4pL3dJQxw0Q_000244.wav,warbler chirping
vggsound_02,4plHFa-pWA0_30.png,4plHFa-pWA0_000030.wav,dog bow-wow
vggsound_02,4pluEBKiDik_18.png,4pluEBKiDik_000018.wav,snake hissing
vggsound_02,4PotpLixDAU_18.png,4PotpLixDAU_000018.wav,crow cawing
vggsound_02,4PQAJ_WycUo_12.png,4PQAJ_WycUo_000012.wav,lions roaring
vggsound_02,4Puq8KvOT4c_27.png,4Puq8KvOT4c_000027.wav,airplane flyby
vggsound_02,4pvYO2_ooEs_30.png,4pvYO2_ooEs_000030.wav,goose honking
vggsound_02,4pxb7e1U6VU_177.png,4pxb7e1U6VU_000177.wav,dog barking
vggsound_02,4PX_iN_Ju1Q_50.png,4PX_iN_Ju1Q_000050.wav,cheetah chirrup
vggsound_02,4Q4v-Mbe3fc_19.png,4Q4v-Mbe3fc_000019.wav,otter growling
vggsound_02,4q9NPjOpWy8_146.png,4q9NPjOpWy8_000146.wav,wood thrush calling
vggsound_02,4qaiLMEce6Y_25.png,4qaiLMEce6Y_000025.wav,"bird chirping, tweeting"
vggsound_02,4QHb3x3tO6k_48.png,4QHb3x3tO6k_000048.wav,mynah bird singing
vggsound_02,4qtzG_66Vxk_13.png,4qtzG_66Vxk_000013.wav,barn swallow calling
vggsound_02,4qu0Xxd5U8o_0.png,4qu0Xxd5U8o_000000.wav,dog growling
vggsound_02,4QVmtvzSmnE_16.png,4QVmtvzSmnE_000016.wav,"bee, wasp, etc. buzzing"
vggsound_02,4qvxpVQ9wHM_30.png,4qvxpVQ9wHM_000030.wav,horse clip-clop
vggsound_02,4qxIDB3UDrQ_80.png,4qxIDB3UDrQ_000080.wav,lions growling
vggsound_02,4rchqZSw9DY_13.png,4rchqZSw9DY_000013.wav,lions roaring
vggsound_02,4RDab4Ufwu8_59.png,4RDab4Ufwu8_000059.wav,mynah bird singing
vggsound_02,4rE3ckqZ2zc_30.png,4rE3ckqZ2zc_000030.wav,cat growling
vggsound_02,4RIWpJ-Hxf4_1.png,4RIWpJ-Hxf4_000001.wav,magpie calling
vggsound_02,4rIzM457KnM_172.png,4rIzM457KnM_000172.wav,"bird chirping, tweeting"
vggsound_02,4RM0sR6s5Js_121.png,4RM0sR6s5Js_000121.wav,pheasant crowing
vggsound_02,4rNP0Uh5TbQ_8.png,4rNP0Uh5TbQ_000008.wav,crow cawing
vggsound_02,4Ruk56DiQj8_30.png,4Ruk56DiQj8_000030.wav,"bird chirping, tweeting"
vggsound_02,4s1HppPbBsw_461.png,4s1HppPbBsw_000461.wav,parrot talking
vggsound_02,4s4Nh2B8miM_30.png,4s4Nh2B8miM_000030.wav,"pigeon, dove cooing"
vggsound_02,4SbMHyUD3Zo_191.png,4SbMHyUD3Zo_000191.wav,coyote howling
vggsound_02,4SlSeLr2Zw8_9.png,4SlSeLr2Zw8_000009.wav,chicken crowing
vggsound_02,4sniqsdpqdE_26.png,4sniqsdpqdE_000026.wav,mouse squeaking
vggsound_02,4snoveXPGM8_47.png,4snoveXPGM8_000047.wav,cheetah chirrup
vggsound_02,4sodha2P-c4_27.png,4sodha2P-c4_000027.wav,chicken crowing
vggsound_02,4SpzK4Wzh8g_32.png,4SpzK4Wzh8g_000032.wav,pheasant crowing
vggsound_02,4SToswHS8bw_141.png,4SToswHS8bw_000141.wav,"fly, housefly buzzing"
vggsound_02,4sTQvJtsuSg_50.png,4sTQvJtsuSg_000050.wav,dog barking
vggsound_02,4SUPgmqKe1s_53.png,4SUPgmqKe1s_000053.wav,"bird chirping, tweeting"
vggsound_02,4sXg1Uq8gPc_390.png,4sXg1Uq8gPc_000390.wav,"bird chirping, tweeting"
vggsound_02,4SY6UlT-tG8_16.png,4SY6UlT-tG8_000016.wav,"cattle, bovinae cowbell"
vggsound_02,4t-2zL10y_4_0.png,4t-2zL10y_4_000000.wav,"bird chirping, tweeting"
vggsound_02,4T34wRuwMWA_26.png,4T34wRuwMWA_000026.wav,dog whimpering
vggsound_02,4T62kk9jRP8_30.png,4T62kk9jRP8_000030.wav,mouse squeaking
vggsound_02,4tD8JAPjpHU_2.png,4tD8JAPjpHU_000002.wav,dog bow-wow
vggsound_02,4tHvsHkl8L0_27.png,4tHvsHkl8L0_000027.wav,snake hissing
vggsound_02,4tKABFCejJo_328.png,4tKABFCejJo_000328.wav,airplane flyby
vggsound_02,4tKvAMmAUMM_30.png,4tKvAMmAUMM_000030.wav,reversing beeps
vggsound_02,4tOFGK47I5E_5.png,4tOFGK47I5E_000005.wav,cow lowing
vggsound_02,4tsbMQETqQw_20.png,4tsbMQETqQw_000020.wav,people screaming
vggsound_02,4TVARAlpkqM_25.png,4TVARAlpkqM_000025.wav,cattle mooing
vggsound_02,4TVw2fSbb70_55.png,4TVw2fSbb70_000055.wav,mosquito buzzing
vggsound_02,4txRL-0_s8s_88.png,4txRL-0_s8s_000088.wav,woodpecker pecking tree
vggsound_02,4UawwYGCHws_199.png,4UawwYGCHws_000199.wav,airplane
vggsound_02,4ufA8j3XAhc_18.png,4ufA8j3XAhc_000018.wav,airplane flyby
vggsound_02,4UHlvxbSsJY_30.png,4UHlvxbSsJY_000030.wav,cat caterwauling
vggsound_02,4uihL55gcWo_28.png,4uihL55gcWo_000028.wav,elephant trumpeting
vggsound_02,4UkCQbFYBMg_3.png,4UkCQbFYBMg_000003.wav,cricket chirping
vggsound_02,4UkvgEC8Qyc_126.png,4UkvgEC8Qyc_000126.wav,crow cawing
vggsound_02,4UnUrylORBM_19.png,4UnUrylORBM_000019.wav,horse neighing
vggsound_02,4ursgQETEJQ_20.png,4ursgQETEJQ_000020.wav,chicken crowing
vggsound_02,4uS1k7WEg9w_7.png,4uS1k7WEg9w_000007.wav,cattle mooing
vggsound_02,4Us79n9GXXw_343.png,4Us79n9GXXw_000343.wav,horse neighing
vggsound_02,4UUbBtYLt0s_400.png,4UUbBtYLt0s_000400.wav,chicken crowing
vggsound_02,4uucOhaW5ow_30.png,4uucOhaW5ow_000030.wav,chicken clucking
vggsound_02,4uVzgXlMLzo_80.png,4uVzgXlMLzo_000080.wav,chicken crowing
vggsound_02,4UWLkz0b9_8_0.png,4UWLkz0b9_8_000000.wav,mynah bird singing
vggsound_02,4uyCODx5Sow_30.png,4uyCODx5Sow_000030.wav,horse clip-clop
vggsound_02,4UYE2RXZXXE_10.png,4UYE2RXZXXE_000010.wav,chicken crowing
vggsound_02,4VBd7XmgsTc_19.png,4VBd7XmgsTc_000019.wav,lions roaring
vggsound_02,4vfCiJUvADQ_38.png,4vfCiJUvADQ_000038.wav,frog croaking
vggsound_02,4Vkha_mnWY0_426.png,4Vkha_mnWY0_000426.wav,pheasant crowing
vggsound_02,4vkizfSc3no_40.png,4vkizfSc3no_000040.wav,lions growling
vggsound_02,4vliTnJ7Olo_27.png,4vliTnJ7Olo_000027.wav,chimpanzee pant-hooting
vggsound_02,4vLr3YFNMPc_30.png,4vLr3YFNMPc_000030.wav,duck quacking
vggsound_02,4vMiWSNp7bI_10.png,4vMiWSNp7bI_000010.wav,cattle mooing
vggsound_02,4VPrzSkqMME_14.png,4VPrzSkqMME_000014.wav,warbler chirping
vggsound_02,4Vq8rnikUk4_297.png,4Vq8rnikUk4_000297.wav,raining
vggsound_02,4vw8sIuZ8eE_32.png,4vw8sIuZ8eE_000032.wav,gibbon howling
vggsound_02,4vx8Mazdjmo_17.png,4vx8Mazdjmo_000017.wav,chipmunk chirping
vggsound_02,4vzHgTC_16s_10.png,4vzHgTC_16s_000010.wav,"alligators, crocodiles hissing"
vggsound_02,4V_-nmgCdCk_380.png,4V_-nmgCdCk_000380.wav,mouse pattering
vggsound_02,4W0AJGC99p8_0.png,4W0AJGC99p8_000000.wav,dog howling
vggsound_02,4W2A4mXb1H4_126.png,4W2A4mXb1H4_000126.wav,canary calling
vggsound_02,4w63HNXNN4U_19.png,4w63HNXNN4U_000019.wav,crow cawing
vggsound_02,4w8C1Y_oo3I_30.png,4w8C1Y_oo3I_000030.wav,"pigeon, dove cooing"
vggsound_02,4Wd_eVdwVU8_11.png,4Wd_eVdwVU8_000011.wav,pig oinking
vggsound_02,4wd_E_WkcuU_30.png,4wd_E_WkcuU_000030.wav,"pigeon, dove cooing"
vggsound_02,4WGJEeXdJK0_30.png,4WGJEeXdJK0_000030.wav,chicken crowing
vggsound_02,4WH0ZxvF9Nw_16.png,4WH0ZxvF9Nw_000016.wav,otter growling
vggsound_02,4wlHqYATPy8_177.png,4wlHqYATPy8_000177.wav,sheep bleating
vggsound_02,4WpbCiW4YZ0_30.png,4WpbCiW4YZ0_000030.wav,turkey gobbling
vggsound_02,4wQ5IHqXGSo_49.png,4wQ5IHqXGSo_000049.wav,cat purring
vggsound_02,4wQcrJdwrjA_14.png,4wQcrJdwrjA_000014.wav,snake rattling
vggsound_02,4WRZbsU9jIg_100.png,4WRZbsU9jIg_000100.wav,stream burbling
vggsound_02,4wsHfkdWN-c_2.png,4wsHfkdWN-c_000002.wav,mosquito buzzing
vggsound_02,4wWhFeGW7Q0_30.png,4wWhFeGW7Q0_000030.wav,chicken clucking
vggsound_02,4wZYcmoz8Ao_31.png,4wZYcmoz8Ao_000031.wav,chipmunk chirping
vggsound_02,4w_e1EPuGso_331.png,4w_e1EPuGso_000331.wav,parrot talking
vggsound_02,4x1q7JR6LoY_12.png,4x1q7JR6LoY_000012.wav,woodpecker pecking tree
vggsound_02,4x2OdlSk5Ms_545.png,4x2OdlSk5Ms_000545.wav,dog barking
vggsound_02,4x8DhuB5_oM_29.png,4x8DhuB5_oM_000029.wav,eagle screaming
vggsound_02,4Xa2dx3erMo_29.png,4Xa2dx3erMo_000029.wav,lions growling
vggsound_02,4xDESfgdqoI_40.png,4xDESfgdqoI_000040.wav,warbler chirping
vggsound_02,4XgrMM5CbvY_477.png,4XgrMM5CbvY_000477.wav,elk bugling
vggsound_02,4XHI4u7VidE_30.png,4XHI4u7VidE_000030.wav,cat meowing
vggsound_02,4XPASuR9cHE_10.png,4XPASuR9cHE_000010.wav,chimpanzee pant-hooting
vggsound_02,4xQcOwfV48Y_40.png,4xQcOwfV48Y_000040.wav,people coughing
vggsound_02,4Xqnx2nDpJE_60.png,4Xqnx2nDpJE_000060.wav,cat purring
vggsound_02,4xx_9E2dKMU_12.png,4xx_9E2dKMU_000012.wav,dog growling
vggsound_02,4Y020IJSf5M_30.png,4Y020IJSf5M_000030.wav,dog bow-wow
vggsound_02,4y7zBxH_gpU_5.png,4y7zBxH_gpU_000005.wav,lions roaring
vggsound_02,4y8fe3GI9hM_82.png,4y8fe3GI9hM_000082.wav,horse neighing
vggsound_02,4yG7kt4f3Do_1.png,4yG7kt4f3Do_000001.wav,barn swallow calling
vggsound_02,4YJevSN7UIc_169.png,4YJevSN7UIc_000169.wav,gibbon howling
vggsound_02,4yL8UGcrOZU_18.png,4yL8UGcrOZU_000018.wav,cuckoo bird calling
vggsound_02,4YnMOFstVnk_56.png,4YnMOFstVnk_000056.wav,parrot talking
vggsound_02,4YQ-LNB_xFE_0.png,4YQ-LNB_xFE_000000.wav,crow cawing
vggsound_02,4yqIXHBF3Cg_0.png,4yqIXHBF3Cg_000000.wav,dog barking
vggsound_02,4YrWoJ0hRz8_20.png,4YrWoJ0hRz8_000020.wav,lawn mowing
vggsound_02,4YTzxIjvOb8_2.png,4YTzxIjvOb8_000002.wav,lions roaring
vggsound_02,4Zan7DuRPAk_70.png,4Zan7DuRPAk_000070.wav,skateboarding
vggsound_02,4ZAwI-qz4r4_30.png,4ZAwI-qz4r4_000030.wav,helicopter
vggsound_02,4zfkNQuVPYw_3.png,4zfkNQuVPYw_000003.wav,barn swallow calling
vggsound_02,4ZL0k3aqblc_30.png,4ZL0k3aqblc_000030.wav,"pigeon, dove cooing"
vggsound_02,4zoJQKnyJDw_0.png,4zoJQKnyJDw_000000.wav,dog barking
vggsound_02,4zxx7y89djo_16.png,4zxx7y89djo_000016.wav,baltimore oriole calling
vggsound_02,4zXyyac2zR4_153.png,4zXyyac2zR4_000153.wav,"bird chirping, tweeting"
vggsound_02,4z_8RJzJLCU_25.png,4z_8RJzJLCU_000025.wav,dog bow-wow
vggsound_02,4_79X6ky4v4_6.png,4_79X6ky4v4_000006.wav,sheep bleating
vggsound_02,4_CGxibyXYY_77.png,4_CGxibyXYY_000077.wav,cricket chirping
vggsound_02,4_E2mAndGYQ_22.png,4_E2mAndGYQ_000022.wav,lions growling
vggsound_02,4_f33b75_LY_160.png,4_f33b75_LY_000160.wav,canary calling
vggsound_02,4_Hsm67F6H8_19.png,4_Hsm67F6H8_000019.wav,"cattle, bovinae cowbell"
vggsound_02,4_QN5Za_7QM_19.png,4_QN5Za_7QM_000019.wav,pheasant crowing
vggsound_02,4_wN57xXdhw_1.png,4_wN57xXdhw_000001.wav,"donkey, ass braying"
vggsound_02,4_y3VrzTSGw_28.png,4_y3VrzTSGw_000028.wav,pig oinking
vggsound_02,4_YFwkoYfPI_30.png,4_YFwkoYfPI_000030.wav,wind noise
vggsound_02,4_YXUNzxr60_10.png,4_YXUNzxr60_000010.wav,coyote howling
vggsound_02,5-6eiASYbv0_104.png,5-6eiASYbv0_000104.wav,fire crackling
vggsound_02,5-Bl5mcx-Yg_3.png,5-Bl5mcx-Yg_000003.wav,mynah bird singing
vggsound_02,5-FHy1Q61n8_114.png,5-FHy1Q61n8_000114.wav,dog baying
vggsound_02,5-FM0mCYups_3.png,5-FM0mCYups_000003.wav,chicken crowing
vggsound_02,5-NPOzLpkJM_37.png,5-NPOzLpkJM_000037.wav,crow cawing
vggsound_02,5-oV-iWxNag_30.png,5-oV-iWxNag_000030.wav,cat caterwauling
vggsound_02,5-SAIt0_Ji0_4.png,5-SAIt0_Ji0_000004.wav,chicken crowing
vggsound_02,5-tB5NUM3bE_71.png,5-tB5NUM3bE_000071.wav,pheasant crowing
vggsound_02,504M0p6aIn0_34.png,504M0p6aIn0_000034.wav,magpie calling
vggsound_02,50btuV9sY60_44.png,50btuV9sY60_000044.wav,airplane flyby
vggsound_02,50jxPCLUFdU_15.png,50jxPCLUFdU_000015.wav,cricket chirping
vggsound_02,50XteKZGLgg_30.png,50XteKZGLgg_000030.wav,dog bow-wow
vggsound_02,51EzKt7SfIg_1039.png,51EzKt7SfIg_001039.wav,footsteps on snow
vggsound_02,51yCl_ElO3I_180.png,51yCl_ElO3I_000180.wav,goose honking
vggsound_02,521V-P07w4o_30.png,521V-P07w4o_000030.wav,sloshing water
vggsound_02,522mne6LSeI_11.png,522mne6LSeI_000011.wav,duck quacking
vggsound_02,52ao_3xM57Q_80.png,52ao_3xM57Q_000080.wav,bird wings flapping
vggsound_02,52GBb6ArCqA_90.png,52GBb6ArCqA_000090.wav,"alligators, crocodiles hissing"
vggsound_02,52GtuAAT-94_42.png,52GtuAAT-94_000042.wav,barn swallow calling
vggsound_02,52lnCGbSZeI_299.png,52lnCGbSZeI_000299.wav,bull bellowing
vggsound_02,52mIuqBARac_65.png,52mIuqBARac_000065.wav,elk bugling
vggsound_02,52Pr5Bm3RUQ_6.png,52Pr5Bm3RUQ_000006.wav,cat meowing
vggsound_02,52tdbEqLRsM_30.png,52tdbEqLRsM_000030.wav,cat meowing
vggsound_02,52TvGcpOGWs_200.png,52TvGcpOGWs_000200.wav,helicopter
vggsound_02,52vWY-k5fsQ_83.png,52vWY-k5fsQ_000083.wav,"bee, wasp, etc. buzzing"
vggsound_02,52_FrzyZ3TU_200.png,52_FrzyZ3TU_000200.wav,wind noise
vggsound_02,53-pXxE6EM0_160.png,53-pXxE6EM0_000160.wav,cat purring
vggsound_02,530YlezpNfA_193.png,530YlezpNfA_000193.wav,canary calling
vggsound_02,532dPDbEPnU_21.png,532dPDbEPnU_000021.wav,"engine accelerating, revving, vroom"
vggsound_02,53hA429wzjA_30.png,53hA429wzjA_000030.wav,duck quacking
vggsound_02,53JV0FqhqTY_3.png,53JV0FqhqTY_000003.wav,chicken crowing
vggsound_02,53jxOKWKRQ0_145.png,53jxOKWKRQ0_000145.wav,parrot talking
vggsound_02,53kjwQ9yOZg_54.png,53kjwQ9yOZg_000054.wav,turkey gobbling
vggsound_02,54aDNALpRMY_63.png,54aDNALpRMY_000063.wav,people battle cry
vggsound_02,54agapWNbjs_30.png,54agapWNbjs_000030.wav,ocean burbling
vggsound_02,54Br5mQ8idE_25.png,54Br5mQ8idE_000025.wav,cat caterwauling
vggsound_02,54fgaXD4eSE_19.png,54fgaXD4eSE_000019.wav,dog baying
vggsound_02,54M8s5xLr7I_30.png,54M8s5xLr7I_000030.wav,"pigeon, dove cooing"
vggsound_02,54qAe5cSkIs_28.png,54qAe5cSkIs_000028.wav,dog bow-wow
vggsound_02,54V-fspzckE_200.png,54V-fspzckE_000200.wav,helicopter
vggsound_02,54Zx4byh2Rs_161.png,54Zx4byh2Rs_000161.wav,owl hooting
vggsound_02,550-Z1ip3rk_70.png,550-Z1ip3rk_000070.wav,parrot talking
vggsound_02,55b4KDqVhx0_30.png,55b4KDqVhx0_000030.wav,chicken crowing
vggsound_02,55l9j-CggDQ_30.png,55l9j-CggDQ_000030.wav,cat meowing
vggsound_02,55VB_nTTNDU_219.png,55VB_nTTNDU_000219.wav,"bee, wasp, etc. buzzing"
vggsound_02,55ZEaojcD84_30.png,55ZEaojcD84_000030.wav,sloshing water
vggsound_02,562FC0owaI4_12.png,562FC0owaI4_000012.wav,sheep bleating
vggsound_02,56APclHzjd8_41.png,56APclHzjd8_000041.wav,"bird chirping, tweeting"
vggsound_02,56DzPY1X5ZU_12.png,56DzPY1X5ZU_000012.wav,cat meowing
vggsound_02,56eVenPo7mk_160.png,56eVenPo7mk_000160.wav,people burping
vggsound_02,56HleLMsynY_30.png,56HleLMsynY_000030.wav,cat meowing
vggsound_02,56iMVyneo_I_120.png,56iMVyneo_I_000120.wav,chicken crowing
vggsound_02,56PrvOtpQOk_135.png,56PrvOtpQOk_000135.wav,duck quacking
vggsound_02,56UI8V9_4YM_222.png,56UI8V9_4YM_000222.wav,parrot talking
vggsound_02,57a_XxtXWMo_150.png,57a_XxtXWMo_000150.wav,"bee, wasp, etc. buzzing"
vggsound_02,57bLnJ-pTes_91.png,57bLnJ-pTes_000091.wav,parrot talking
vggsound_02,57MMpNQ_Qww_81.png,57MMpNQ_Qww_000081.wav,lions growling
vggsound_02,57MxzaeXRGo_4.png,57MxzaeXRGo_000004.wav,chicken clucking
vggsound_02,57pyQCDSVhA_12.png,57pyQCDSVhA_000012.wav,woodpecker pecking tree
vggsound_02,57Q_RHO0qA8_0.png,57Q_RHO0qA8_000000.wav,lions roaring
vggsound_02,57SvLNV2cy0_30.png,57SvLNV2cy0_000030.wav,horse clip-clop
vggsound_02,57TeRtrugqs_68.png,57TeRtrugqs_000068.wav,cheetah chirrup
vggsound_02,57uzyjei6j4_4.png,57uzyjei6j4_000004.wav,mynah bird singing
vggsound_02,57X2zDX9b0A_10.png,57X2zDX9b0A_000010.wav,"bee, wasp, etc. buzzing"
vggsound_02,57zwD1PQ7Go_8.png,57zwD1PQ7Go_000008.wav,dog bow-wow
vggsound_02,58JwiVM8bYM_30.png,58JwiVM8bYM_000030.wav,duck quacking
vggsound_02,58KKrDH9708_7.png,58KKrDH9708_000007.wav,dog growling
vggsound_02,59bMY3tAIgY_30.png,59bMY3tAIgY_000030.wav,horse clip-clop
vggsound_02,59UtsPqFNIU_34.png,59UtsPqFNIU_000034.wav,woodpecker pecking tree
vggsound_02,5A3ih3Aon5o_1.png,5A3ih3Aon5o_000001.wav,roller coaster running
vggsound_02,5a7Yr6mldmI_30.png,5a7Yr6mldmI_000030.wav,dog bow-wow
vggsound_02,5AB_eS9vbyc_30.png,5AB_eS9vbyc_000030.wav,horse neighing
vggsound_02,5AH7tbVQqsw_6.png,5AH7tbVQqsw_000006.wav,"motorboat, speedboat acceleration"
vggsound_02,5akzQ9B7na8_30.png,5akzQ9B7na8_000030.wav,people eating
vggsound_02,5AoGy2Z-Qck_200.png,5AoGy2Z-Qck_000200.wav,goose honking
vggsound_02,5AQeLzD8Dhk_0.png,5AQeLzD8Dhk_000000.wav,chicken crowing
vggsound_02,5asgYXtU-Ro_40.png,5asgYXtU-Ro_000040.wav,"bird chirping, tweeting"
vggsound_02,5aspeiRt4DM_0.png,5aspeiRt4DM_000000.wav,turkey gobbling
vggsound_02,5AsZVDMIf18_102.png,5AsZVDMIf18_000102.wav,gibbon howling
vggsound_02,5at14XZQSEU_20.png,5at14XZQSEU_000020.wav,turkey gobbling
vggsound_02,5atMEji7sKQ_115.png,5atMEji7sKQ_000115.wav,horse neighing
vggsound_02,5aTwB99GEBU_0.png,5aTwB99GEBU_000000.wav,baltimore oriole calling
vggsound_02,5Aw-Nr8DXvQ_18.png,5Aw-Nr8DXvQ_000018.wav,playing cornet
vggsound_02,5b04Vp0loTM_30.png,5b04Vp0loTM_000030.wav,cat meowing
vggsound_02,5B4jR9QUFZc_4.png,5B4jR9QUFZc_000004.wav,"donkey, ass braying"
vggsound_02,5B7vDvZSEdw_19.png,5B7vDvZSEdw_000019.wav,chicken crowing
vggsound_02,5B9GAO7AwQk_30.png,5B9GAO7AwQk_000030.wav,dog bow-wow
vggsound_02,5BBXFwU-y8A_14.png,5BBXFwU-y8A_000014.wav,dog growling
vggsound_02,5BDGLUVBSjU_34.png,5BDGLUVBSjU_000034.wav,cheetah chirrup
vggsound_02,5BFWNBT8XLk_131.png,5BFWNBT8XLk_000131.wav,parrot talking
vggsound_02,5Bje4lksBe8_10.png,5Bje4lksBe8_000010.wav,mynah bird singing
vggsound_02,5Bke7hypPTc_114.png,5Bke7hypPTc_000114.wav,dog howling
vggsound_02,5BM0Wiv4tkc_29.png,5BM0Wiv4tkc_000029.wav,gibbon howling
vggsound_02,5BO755tvWRQ_30.png,5BO755tvWRQ_000030.wav,horse clip-clop
vggsound_02,5BoGoqV181s_5.png,5BoGoqV181s_000005.wav,turkey gobbling
vggsound_02,5bqVGgtJHBE_310.png,5bqVGgtJHBE_000310.wav,people screaming
vggsound_02,5bxpc8KN9qA_73.png,5bxpc8KN9qA_000073.wav,chimpanzee pant-hooting
vggsound_02,5bY9qYqs_Tg_677.png,5bY9qYqs_Tg_000677.wav,scuba diving
vggsound_02,5BYjO-ydBg0_30.png,5BYjO-ydBg0_000030.wav,duck quacking
vggsound_02,5C4hv84VdpI_120.png,5C4hv84VdpI_000120.wav,chipmunk chirping
vggsound_02,5C5I9F5aP1o_0.png,5C5I9F5aP1o_000000.wav,magpie calling
vggsound_02,5CFb6aL-PV8_0.png,5CFb6aL-PV8_000000.wav,civil defense siren
vggsound_02,5CjLKhfPiTU_1.png,5CjLKhfPiTU_000001.wav,cattle mooing
vggsound_02,5CjtDw_ZGgM_38.png,5CjtDw_ZGgM_000038.wav,"alligators, crocodiles hissing"
vggsound_02,5cjVEzAypks_1.png,5cjVEzAypks_000001.wav,woodpecker pecking tree
vggsound_02,5CK79f1k1aQ_289.png,5CK79f1k1aQ_000289.wav,mouse pattering
vggsound_02,5cK_sXAD75M_100.png,5cK_sXAD75M_000100.wav,lions growling
vggsound_02,5cP9UaLozmg_0.png,5cP9UaLozmg_000000.wav,dog barking
vggsound_02,5CpnejXNAro_17.png,5CpnejXNAro_000017.wav,zebra braying
vggsound_02,5CRLggaEnlE_44.png,5CRLggaEnlE_000044.wav,black capped chickadee calling
vggsound_02,5Ct0cSPH7II_19.png,5Ct0cSPH7II_000019.wav,snake hissing
vggsound_02,5Ct0Emq8j8A_13.png,5Ct0Emq8j8A_000013.wav,cat meowing
vggsound_02,5CtoZvJaGAM_33.png,5CtoZvJaGAM_000033.wav,woodpecker pecking tree
vggsound_02,5cVLMOIpR5E_34.png,5cVLMOIpR5E_000034.wav,cow lowing
vggsound_02,5d2CiaDu9M8_149.png,5d2CiaDu9M8_000149.wav,wood thrush calling
vggsound_02,5D2zw7SeLrw_155.png,5D2zw7SeLrw_000155.wav,cheetah chirrup
vggsound_02,5D4KQRSIKBA_44.png,5D4KQRSIKBA_000044.wav,woodpecker pecking tree
vggsound_02,5DahC8wKWDw_18.png,5DahC8wKWDw_000018.wav,wind noise
vggsound_02,5DbV-QwcEiI_0.png,5DbV-QwcEiI_000000.wav,pheasant crowing
vggsound_02,5dE1LcQ-kPw_10.png,5dE1LcQ-kPw_000010.wav,"pigeon, dove cooing"
vggsound_02,5DFpkUVeejs_2.png,5DFpkUVeejs_000002.wav,"bee, wasp, etc. buzzing"
vggsound_02,5DgpMN7afr0_71.png,5DgpMN7afr0_000071.wav,wood thrush calling
vggsound_02,5DgTnYsx4h8_400.png,5DgTnYsx4h8_000400.wav,mouse pattering
vggsound_02,5Djx9WzKjME_73.png,5Djx9WzKjME_000073.wav,elephant trumpeting
vggsound_02,5DLO_z0yumM_100.png,5DLO_z0yumM_000100.wav,crow cawing
vggsound_02,5DphFJDSdBg_244.png,5DphFJDSdBg_000244.wav,chimpanzee pant-hooting
vggsound_02,5dsGWM5XGdg_535.png,5dsGWM5XGdg_000535.wav,cat caterwauling
vggsound_02,5dSlAMw4oAk_5.png,5dSlAMw4oAk_000005.wav,"engine accelerating, revving, vroom"
vggsound_02,5DsudOczidE_100.png,5DsudOczidE_000100.wav,mouse pattering
vggsound_02,5dVYLw5jPuw_15.png,5dVYLw5jPuw_000015.wav,airplane flyby
vggsound_02,5DycxmoNABs_30.png,5DycxmoNABs_000030.wav,wind rustling leaves
vggsound_02,5DYLw0maNfs_115.png,5DYLw0maNfs_000115.wav,ferret dooking
vggsound_02,5E-yl3JLuOw_122.png,5E-yl3JLuOw_000122.wav,"donkey, ass braying"
vggsound_02,5E5DO4CPoNk_30.png,5E5DO4CPoNk_000030.wav,pig oinking
vggsound_02,5e8sX3AyuDs_90.png,5e8sX3AyuDs_000090.wav,sheep bleating
vggsound_02,5EontevWcfQ_30.png,5EontevWcfQ_000030.wav,chicken clucking
vggsound_02,5eu8XKs-H-M_60.png,5eu8XKs-H-M_000060.wav,dog barking
vggsound_02,5evvy2wyp-s_57.png,5evvy2wyp-s_000057.wav,otter growling
vggsound_02,5ew1t1v7cpQ_3.png,5ew1t1v7cpQ_000003.wav,owl hooting
vggsound_02,5faEEBTatTg_4.png,5faEEBTatTg_000004.wav,wood thrush calling
vggsound_02,5fApzVHlBi8_80.png,5fApzVHlBi8_000080.wav,"bird chirping, tweeting"
vggsound_02,5fc0BJzOOZw_26.png,5fc0BJzOOZw_000026.wav,"alligators, crocodiles hissing"
vggsound_02,5fCM0Ttx0WA_248.png,5fCM0Ttx0WA_000248.wav,playing bongo
vggsound_02,5FcN5kBXAiw_6.png,5FcN5kBXAiw_000006.wav,coyote howling
vggsound_02,5FEZg17q5hA_260.png,5FEZg17q5hA_000260.wav,"cattle, bovinae cowbell"
vggsound_02,5FGeo3lAS1I_100.png,5FGeo3lAS1I_000100.wav,dog barking
vggsound_02,5fHnAbKdOds_1.png,5fHnAbKdOds_000001.wav,airplane flyby
vggsound_02,5fU8Mbaunhc_14.png,5fU8Mbaunhc_000014.wav,"donkey, ass braying"
vggsound_02,5fvim9Y6LRk_0.png,5fvim9Y6LRk_000000.wav,bull bellowing
vggsound_02,5FVTn7SuDTw_114.png,5FVTn7SuDTw_000114.wav,crow cawing
vggsound_02,5Fycz8IwhVE_184.png,5Fycz8IwhVE_000184.wav,cap gun shooting
vggsound_02,5g8e1PDfWIs_60.png,5g8e1PDfWIs_000060.wav,chicken crowing
vggsound_02,5GaJtIYTmSM_30.png,5GaJtIYTmSM_000030.wav,"pigeon, dove cooing"
vggsound_02,5gBk04ajuxk_12.png,5gBk04ajuxk_000012.wav,elk bugling
vggsound_02,5ggdgXwL6ck_30.png,5ggdgXwL6ck_000030.wav,horse clip-clop
vggsound_02,5GmFFRUGh7E_30.png,5GmFFRUGh7E_000030.wav,goose honking
vggsound_02,5GN7FX4xtJM_21.png,5GN7FX4xtJM_000021.wav,dog growling
vggsound_02,5GnDkeyb8MQ_93.png,5GnDkeyb8MQ_000093.wav,dinosaurs bellowing
vggsound_02,5gTnFcENcxk_120.png,5gTnFcENcxk_000120.wav,bird wings flapping
vggsound_02,5GuSg8BHO4w_159.png,5GuSg8BHO4w_000159.wav,airplane flyby
vggsound_02,5gVwsJ7hlNI_20.png,5gVwsJ7hlNI_000020.wav,roller coaster running
vggsound_02,5gWxQSke9N4_12.png,5gWxQSke9N4_000012.wav,black capped chickadee calling
vggsound_02,5GyhFsJoiYc_44.png,5GyhFsJoiYc_000044.wav,otter growling
vggsound_02,5gzT_9hadyc_0.png,5gzT_9hadyc_000000.wav,turkey gobbling
vggsound_02,5hdgmE2QF9w_78.png,5hdgmE2QF9w_000078.wav,mynah bird singing
vggsound_02,5hFx9Z1vRVQ_26.png,5hFx9Z1vRVQ_000026.wav,wind rustling leaves
vggsound_02,5hg7s3W1bs0_29.png,5hg7s3W1bs0_000029.wav,people whistling
vggsound_02,5HJQ4wOsZxs_106.png,5HJQ4wOsZxs_000106.wav,pheasant crowing
vggsound_02,5hLkSi3BcWA_21.png,5hLkSi3BcWA_000021.wav,cat growling
vggsound_02,5hq9ckSysX4_115.png,5hq9ckSysX4_000115.wav,cutting hair with electric trimmers
vggsound_02,5hRr39OVOds_17.png,5hRr39OVOds_000017.wav,police car (siren)
vggsound_02,5hV3mKoOgh8_20.png,5hV3mKoOgh8_000020.wav,mynah bird singing
vggsound_02,5Hv5w9KYHnI_30.png,5Hv5w9KYHnI_000030.wav,playing bagpipes
vggsound_02,5hX2y3PqXAI_29.png,5hX2y3PqXAI_000029.wav,footsteps on snow
vggsound_02,5hyZdJKEZaM_30.png,5hyZdJKEZaM_000030.wav,"pigeon, dove cooing"
vggsound_02,5HZqYoexBM8_30.png,5HZqYoexBM8_000030.wav,sloshing water
vggsound_02,5ic3UUXQb0I_30.png,5ic3UUXQb0I_000030.wav,snake hissing
vggsound_02,5iEbFJkG6Xg_557.png,5iEbFJkG6Xg_000557.wav,bird squawking
vggsound_02,5IIAXppZ1XA_30.png,5IIAXppZ1XA_000030.wav,"bird chirping, tweeting"
vggsound_02,5IM-GZ9Oa4U_30.png,5IM-GZ9Oa4U_000030.wav,cat meowing
vggsound_02,5IQGfpXGAbg_60.png,5IQGfpXGAbg_000060.wav,people screaming
vggsound_02,5iTVbHhYhC4_30.png,5iTVbHhYhC4_000030.wav,crow cawing
vggsound_02,5IVsz3ainMg_30.png,5IVsz3ainMg_000030.wav,"bird chirping, tweeting"
vggsound_02,5iwbk0HAdNc_0.png,5iwbk0HAdNc_000000.wav,whale calling
vggsound_02,5j-4OJ7XpDM_222.png,5j-4OJ7XpDM_000222.wav,black capped chickadee calling
vggsound_02,5j4leo9RP6g_24.png,5j4leo9RP6g_000024.wav,chicken clucking
vggsound_02,5j500C9Xv34_28.png,5j500C9Xv34_000028.wav,cheetah chirrup
vggsound_02,5jALTAeHLbQ_342.png,5jALTAeHLbQ_000342.wav,airplane flyby
vggsound_02,5JeBndN4An8_60.png,5JeBndN4An8_000060.wav,cattle mooing
vggsound_02,5JEiQNFjgwE_17.png,5JEiQNFjgwE_000017.wav,wind rustling leaves
vggsound_02,5JfTXIVk6BM_250.png,5JfTXIVk6BM_000250.wav,chicken clucking
vggsound_02,5JhAJduAm6A_15.png,5JhAJduAm6A_000015.wav,air conditioning noise
vggsound_02,5JHMkSN2rdc_74.png,5JHMkSN2rdc_000074.wav,black capped chickadee calling
vggsound_02,5JmEfAmg-Gg_342.png,5JmEfAmg-Gg_000342.wav,squishing water
vggsound_02,5jRHJtBf9mI_2.png,5jRHJtBf9mI_000002.wav,chicken crowing
vggsound_02,5jtAjRXdrmE_118.png,5jtAjRXdrmE_000118.wav,barn swallow calling
vggsound_02,5jtMWks8_Gw_30.png,5jtMWks8_Gw_000030.wav,"bird chirping, tweeting"
vggsound_02,5jxflGsanOQ_10.png,5jxflGsanOQ_000010.wav,goose honking
vggsound_02,5jXt1Ly817I_5.png,5jXt1Ly817I_000005.wav,wood thrush calling
vggsound_02,5JYXEC7tq2k_30.png,5JYXEC7tq2k_000030.wav,cat meowing
vggsound_02,5j_v9dhjbdU_50.png,5j_v9dhjbdU_000050.wav,"bee, wasp, etc. buzzing"
vggsound_02,5k3bmYOuspw_26.png,5k3bmYOuspw_000026.wav,zebra braying
vggsound_02,5kbx02R8_Lg_0.png,5kbx02R8_Lg_000000.wav,lions roaring
vggsound_02,5klckcM9vxE_290.png,5klckcM9vxE_000290.wav,wind noise
vggsound_02,5kNNPKWJ708_90.png,5kNNPKWJ708_000090.wav,driving motorcycle
vggsound_02,5Ko3_chUduE_60.png,5Ko3_chUduE_000060.wav,"bee, wasp, etc. buzzing"
vggsound_02,5KPr4Na_STc_30.png,5KPr4Na_STc_000030.wav,lawn mowing
vggsound_02,5KpX9h82qAk_30.png,5KpX9h82qAk_000030.wav,wind rustling leaves
vggsound_02,5Kr1lodCO3w_0.png,5Kr1lodCO3w_000000.wav,black capped chickadee calling
vggsound_02,5ksylsdLXIU_22.png,5ksylsdLXIU_000022.wav,owl hooting
vggsound_02,5kTQ9Wrx3JE_104.png,5kTQ9Wrx3JE_000104.wav,mynah bird singing
vggsound_02,5KWLCfZ0wKs_0.png,5KWLCfZ0wKs_000000.wav,chicken clucking
vggsound_02,5l-4iKo8mSo_25.png,5l-4iKo8mSo_000025.wav,"pigeon, dove cooing"
vggsound_02,5l4RwPmPT2s_18.png,5l4RwPmPT2s_000018.wav,sailing
vggsound_02,5L6OzIaJisA_322.png,5L6OzIaJisA_000322.wav,pheasant crowing
vggsound_02,5LfpJzVzGHo_30.png,5LfpJzVzGHo_000030.wav,lions growling
vggsound_02,5LGHyPuOjOY_12.png,5LGHyPuOjOY_000012.wav,wind noise
vggsound_02,5lhBGwoDqkU_46.png,5lhBGwoDqkU_000046.wav,parrot talking
vggsound_02,5lLZXLW5knw_14.png,5lLZXLW5knw_000014.wav,cow lowing
vggsound_02,5LMGrO87Dqo_50.png,5LMGrO87Dqo_000050.wav,mynah bird singing
vggsound_02,5LtJ9sgHdfw_0.png,5LtJ9sgHdfw_000000.wav,"donkey, ass braying"
vggsound_02,5ltwRoYITqY_30.png,5ltwRoYITqY_000030.wav,wind rustling leaves
vggsound_02,5M5TrT9Elpc_30.png,5M5TrT9Elpc_000030.wav,cat meowing
vggsound_02,5m6t3TbD1vg_160.png,5m6t3TbD1vg_000160.wav,"bird chirping, tweeting"
vggsound_02,5M70V_qw8Z0_123.png,5M70V_qw8Z0_000123.wav,woodpecker pecking tree
vggsound_02,5mJ7_05tlhs_5.png,5mJ7_05tlhs_000005.wav,crow cawing
vggsound_02,5MNleRPCLsI_131.png,5MNleRPCLsI_000131.wav,lions growling
vggsound_02,5MSHrx9XFRk_19.png,5MSHrx9XFRk_000019.wav,crow cawing
vggsound_02,5mSmtv4bGiQ_13.png,5mSmtv4bGiQ_000013.wav,cat meowing
vggsound_02,5MUMm0p5kcA_29.png,5MUMm0p5kcA_000029.wav,cheetah chirrup
vggsound_02,5MVHRTpRw3I_28.png,5MVHRTpRw3I_000028.wav,sliding door
vggsound_02,5mWmLWBgJ4A_20.png,5mWmLWBgJ4A_000020.wav,mouse pattering
vggsound_02,5MZdao1S_3Y_20.png,5MZdao1S_3Y_000020.wav,chicken crowing
vggsound_02,5nAvo9b2_SY_20.png,5nAvo9b2_SY_000020.wav,dog barking
vggsound_02,5NEvNe8E31c_258.png,5NEvNe8E31c_000258.wav,mosquito buzzing
vggsound_02,5NEvUWTX4Og_43.png,5NEvUWTX4Og_000043.wav,owl hooting
vggsound_02,5NI0ncH3PxQ_73.png,5NI0ncH3PxQ_000073.wav,otter growling
vggsound_02,5NJR62dzyT0_30.png,5NJR62dzyT0_000030.wav,cat meowing
vggsound_02,5nksXG54qPk_12.png,5nksXG54qPk_000012.wav,cuckoo bird calling
vggsound_02,5NQBuAOle3E_8.png,5NQBuAOle3E_000008.wav,baltimore oriole calling
vggsound_02,5Nsqg9L9tc4_25.png,5Nsqg9L9tc4_000025.wav,dog howling
vggsound_02,5nUBngzIeA4_27.png,5nUBngzIeA4_000027.wav,eagle screaming
vggsound_02,5nvthVieMqA_20.png,5nvthVieMqA_000020.wav,mouse pattering
vggsound_02,5o-YgEJgKvk_21.png,5o-YgEJgKvk_000021.wav,snake hissing
vggsound_02,5O4gktY7RKE_180.png,5O4gktY7RKE_000180.wav,chicken crowing
vggsound_02,5OEi4YcjVo4_83.png,5OEi4YcjVo4_000083.wav,playing badminton
vggsound_02,5Oh1RcMds78_30.png,5Oh1RcMds78_000030.wav,cattle mooing
vggsound_02,5OjbMgvwJCg_1.png,5OjbMgvwJCg_000001.wav,dog barking
vggsound_02,5oqA2MST-44_103.png,5oqA2MST-44_000103.wav,mynah bird singing
vggsound_02,5oVOiR69Pz0_30.png,5oVOiR69Pz0_000030.wav,wind noise
vggsound_02,5p61xtcXv20_14.png,5p61xtcXv20_000014.wav,smoke detector beeping
vggsound_02,5pAL5p9PPQs_35.png,5pAL5p9PPQs_000035.wav,goose honking
vggsound_02,5PdG3poIAOQ_31.png,5PdG3poIAOQ_000031.wav,"fly, housefly buzzing"
vggsound_02,5PGnBeplSm4_24.png,5PGnBeplSm4_000024.wav,gibbon howling
vggsound_02,5PhDkTZcLFE_147.png,5PhDkTZcLFE_000147.wav,cuckoo bird calling
vggsound_02,5piWEsu7xFI_20.png,5piWEsu7xFI_000020.wav,ocean burbling
vggsound_02,5PJXGpa87D4_30.png,5PJXGpa87D4_000030.wav,"pigeon, dove cooing"
vggsound_02,5pMoDgOaPE0_31.png,5pMoDgOaPE0_000031.wav,"bee, wasp, etc. buzzing"
vggsound_02,5pncSb7fxEQ_30.png,5pncSb7fxEQ_000030.wav,cat meowing
vggsound_02,5PPoP_CYfrM_30.png,5PPoP_CYfrM_000030.wav,dog bow-wow
vggsound_02,5PsuJzOzLEM_17.png,5PsuJzOzLEM_000017.wav,dinosaurs bellowing
vggsound_02,5PT4ZgsiwYs_120.png,5PT4ZgsiwYs_000120.wav,dog baying
vggsound_02,5PY6XHBPQ9M_5.png,5PY6XHBPQ9M_000005.wav,duck quacking
vggsound_02,5py7a__gFGM_153.png,5py7a__gFGM_000153.wav,barn swallow calling
vggsound_02,5PYtnW-TIA8_7.png,5PYtnW-TIA8_000007.wav,pheasant crowing
vggsound_02,5Q-munwUwMo_205.png,5Q-munwUwMo_000205.wav,dog growling
vggsound_02,5q2YhC44tUI_35.png,5q2YhC44tUI_000035.wav,roller coaster running
vggsound_02,5qH7mJVFN9c_50.png,5qH7mJVFN9c_000050.wav,splashing water
vggsound_02,5qLner5mtSY_15.png,5qLner5mtSY_000015.wav,cat meowing
vggsound_02,5qLsFjd9Gog_150.png,5qLsFjd9Gog_000150.wav,cheetah chirrup
vggsound_02,5Qqa782QIEg_4.png,5Qqa782QIEg_000004.wav,otter growling
vggsound_02,5QRvt0YztI8_193.png,5QRvt0YztI8_000193.wav,gibbon howling
vggsound_02,5QvK9HxX1ec_30.png,5QvK9HxX1ec_000030.wav,sheep bleating
vggsound_02,5qwLmel-J5c_139.png,5qwLmel-J5c_000139.wav,elk bugling
vggsound_02,5qWnXUJF6Z8_85.png,5qWnXUJF6Z8_000085.wav,ferret dooking
vggsound_02,5qWSbdY3IvQ_5.png,5qWSbdY3IvQ_000005.wav,baltimore oriole calling
vggsound_02,5qZi7mEotME_214.png,5qZi7mEotME_000214.wav,frog croaking
vggsound_02,5R1VLj8ipw4_28.png,5R1VLj8ipw4_000028.wav,"bee, wasp, etc. buzzing"
vggsound_02,5Raxjwe0hD8_268.png,5Raxjwe0hD8_000268.wav,reversing beeps
vggsound_02,5RcqrYtpqYU_135.png,5RcqrYtpqYU_000135.wav,chicken crowing
vggsound_02,5RgHBmX2HLw_30.png,5RgHBmX2HLw_000030.wav,ambulance siren
vggsound_02,5rgjNrwdyIM_10.png,5rgjNrwdyIM_000010.wav,civil defense siren
vggsound_02,5RI6eRT4so4_0.png,5RI6eRT4so4_000000.wav,black capped chickadee calling
vggsound_02,5rkzGLhSdg0_11.png,5rkzGLhSdg0_000011.wav,"engine accelerating, revving, vroom"
vggsound_02,5Rl_qwayY3Y_14.png,5Rl_qwayY3Y_000014.wav,cricket chirping
vggsound_02,5rSgETYVSos_30.png,5rSgETYVSos_000030.wav,mouse pattering
vggsound_02,5RweV4eM22M_16.png,5RweV4eM22M_000016.wav,dog baying
vggsound_02,5s340k9Hbfg_99.png,5s340k9Hbfg_000099.wav,chicken crowing
vggsound_02,5sA7rv6-tjE_340.png,5sA7rv6-tjE_000340.wav,bird wings flapping
vggsound_02,5Sf62hLcusw_187.png,5Sf62hLcusw_000187.wav,people eating noodle
vggsound_02,5sfs7IZ2RNI_11.png,5sfs7IZ2RNI_000011.wav,dog growling
vggsound_02,5sftCBWR6RI_17.png,5sftCBWR6RI_000017.wav,pheasant crowing
vggsound_02,5SFxo4VFhBM_30.png,5SFxo4VFhBM_000030.wav,dog bow-wow
vggsound_02,5sI729qR6_E_10.png,5sI729qR6_E_000010.wav,"bird chirping, tweeting"
vggsound_02,5skJASDS7Ww_85.png,5skJASDS7Ww_000085.wav,cattle mooing
vggsound_02,5sxl8XYMrpU_60.png,5sxl8XYMrpU_000060.wav,lions growling
vggsound_02,5t4vQjw30_A_80.png,5t4vQjw30_A_000080.wav,people screaming
vggsound_02,5thtp4tT-xs_30.png,5thtp4tT-xs_000030.wav,female singing
vggsound_02,5TiGP89UErY_8.png,5TiGP89UErY_000008.wav,cat meowing
vggsound_02,5TIz97kkwE8_30.png,5TIz97kkwE8_000030.wav,dog bow-wow
vggsound_02,5TJlZrdZpR8_18.png,5TJlZrdZpR8_000018.wav,pheasant crowing
vggsound_02,5tLzdKKJGbw_251.png,5tLzdKKJGbw_000251.wav,pheasant crowing
vggsound_02,5tM4bPM6E_w_70.png,5tM4bPM6E_w_000070.wav,cat purring
vggsound_02,5TVei6Z5meE_50.png,5TVei6Z5meE_000050.wav,splashing water
vggsound_02,5TxBfOh6_2k_117.png,5TxBfOh6_2k_000117.wav,hail
vggsound_02,5TzVBYVcyLI_67.png,5TzVBYVcyLI_000067.wav,crow cawing
vggsound_02,5U9cSvceauQ_188.png,5U9cSvceauQ_000188.wav,eagle screaming
vggsound_02,5UFNa-dD2Po_474.png,5UFNa-dD2Po_000474.wav,owl hooting
vggsound_02,5UGEkMs74uc_23.png,5UGEkMs74uc_000023.wav,cat purring
vggsound_02,5UhOLosBXDs_30.png,5UhOLosBXDs_000030.wav,goose honking
vggsound_02,5uKSbyVfQ1E_83.png,5uKSbyVfQ1E_000083.wav,cheetah chirrup
vggsound_02,5Unut8KldHk_30.png,5Unut8KldHk_000030.wav,baby crying
vggsound_02,5uONfk3-1Yo_390.png,5uONfk3-1Yo_000390.wav,ocean burbling
vggsound_02,5uRkBz98fCk_24.png,5uRkBz98fCk_000024.wav,wind chime
vggsound_02,5USHgdkRwkA_129.png,5USHgdkRwkA_000129.wav,airplane flyby
vggsound_02,5V-aBRxmnpA_150.png,5V-aBRxmnpA_000150.wav,parrot talking
vggsound_02,5V30hLo1JRc_0.png,5V30hLo1JRc_000000.wav,chicken clucking
vggsound_02,5v4iXszEEZM_19.png,5v4iXszEEZM_000019.wav,coyote howling
vggsound_02,5VBPElJYm0A_267.png,5VBPElJYm0A_000267.wav,"heart sounds, heartbeat"
vggsound_02,5vBr00W4Ym0_61.png,5vBr00W4Ym0_000061.wav,magpie calling
vggsound_02,5VCZHHd4UKI_111.png,5VCZHHd4UKI_000111.wav,cheetah chirrup
vggsound_02,5vDJ0Mcuyos_30.png,5vDJ0Mcuyos_000030.wav,horse neighing
vggsound_02,5vdqsbDlx6Y_9.png,5vdqsbDlx6Y_000009.wav,snake hissing
vggsound_02,5vHYgvLKafg_4.png,5vHYgvLKafg_000004.wav,car passing by
vggsound_02,5VOBU5C89Dc_484.png,5VOBU5C89Dc_000484.wav,"heart sounds, heartbeat"
vggsound_02,5vvINhReuXk_50.png,5vvINhReuXk_000050.wav,chicken crowing
vggsound_02,5Vxop5SIduA_23.png,5Vxop5SIduA_000023.wav,dog growling
vggsound_02,5VysTTKk0Wo_82.png,5VysTTKk0Wo_000082.wav,"cattle, bovinae cowbell"
vggsound_02,5vzthSHI0-U_30.png,5vzthSHI0-U_000030.wav,wind noise
vggsound_02,5v_z5jwQqao_31.png,5v_z5jwQqao_000031.wav,ferret dooking
vggsound_02,5w0Vzjf0b5M_54.png,5w0Vzjf0b5M_000054.wav,sheep bleating
vggsound_02,5W5qxizBUFc_27.png,5W5qxizBUFc_000027.wav,mosquito buzzing
vggsound_02,5w6Lv6Cvvys_30.png,5w6Lv6Cvvys_000030.wav,"pigeon, dove cooing"
vggsound_02,5wPa2FIt4nA_152.png,5wPa2FIt4nA_000152.wav,mynah bird singing
vggsound_02,5Wq70dBI1Fk_30.png,5Wq70dBI1Fk_000030.wav,dog bow-wow
vggsound_02,5wScdWqlS0c_30.png,5wScdWqlS0c_000030.wav,snake hissing
vggsound_02,5WSukup4DbE_196.png,5WSukup4DbE_000196.wav,skiing
vggsound_02,5WyuzwSjfTs_38.png,5WyuzwSjfTs_000038.wav,pheasant crowing
vggsound_02,5wZT7mokZU8_500.png,5wZT7mokZU8_000500.wav,mouse pattering
vggsound_02,5xacqofQ4Gk_0.png,5xacqofQ4Gk_000000.wav,lions growling
vggsound_02,5xaZ7E0dJSk_289.png,5xaZ7E0dJSk_000289.wav,cattle mooing
vggsound_02,5xhx2ac0u7c_54.png,5xhx2ac0u7c_000054.wav,"fly, housefly buzzing"
vggsound_02,5xOhn5QpvdE_119.png,5xOhn5QpvdE_000119.wav,lions roaring
vggsound_02,5XpqVkkG40g_22.png,5XpqVkkG40g_000022.wav,parrot talking
vggsound_02,5xrGwARj38c_17.png,5xrGwARj38c_000017.wav,parrot talking
vggsound_02,5xsxUFxg074_32.png,5xsxUFxg074_000032.wav,bird squawking
vggsound_02,5xWN3hFGfxg_30.png,5xWN3hFGfxg_000030.wav,turkey gobbling
vggsound_02,5Xxdr4Efc0o_27.png,5Xxdr4Efc0o_000027.wav,dog bow-wow
vggsound_02,5YEMl_guVQw_30.png,5YEMl_guVQw_000030.wav,sheep bleating
vggsound_02,5yJ6L5GszsM_10.png,5yJ6L5GszsM_000010.wav,chicken crowing
vggsound_02,5YNPsNoajdk_6.png,5YNPsNoajdk_000006.wav,"donkey, ass braying"
vggsound_02,5yo90PoKOT8_50.png,5yo90PoKOT8_000050.wav,dog barking
vggsound_02,5yrKiMPyPJA_296.png,5yrKiMPyPJA_000296.wav,chipmunk chirping
vggsound_02,5Ys3eGLzysU_1.png,5Ys3eGLzysU_000001.wav,horse clip-clop
vggsound_02,5YXTdUYl_UM_78.png,5YXTdUYl_UM_000078.wav,woodpecker pecking tree
vggsound_02,5Y_zNbiB3kE_23.png,5Y_zNbiB3kE_000023.wav,cheetah chirrup
vggsound_02,5z-2keWtDuQ_19.png,5z-2keWtDuQ_000019.wav,cattle mooing
vggsound_02,5Z-ACyBaS-4_161.png,5Z-ACyBaS-4_000161.wav,parrot talking
vggsound_02,5z4TexFkv6Y_5.png,5z4TexFkv6Y_000005.wav,dog howling
vggsound_02,5Z6P35xJPvg_3.png,5Z6P35xJPvg_000003.wav,snake hissing
vggsound_02,5ZEmreAVhwI_280.png,5ZEmreAVhwI_000280.wav,chicken clucking
vggsound_02,5ZI-3ihVG4Y_30.png,5ZI-3ihVG4Y_000030.wav,dog bow-wow
vggsound_02,5zlRUskgFEc_30.png,5zlRUskgFEc_000030.wav,dog bow-wow
vggsound_02,5zrJdpyxHV4_24.png,5zrJdpyxHV4_000024.wav,duck quacking
vggsound_02,5zxx5GD0iYk_4.png,5zxx5GD0iYk_000004.wav,cat hissing
vggsound_02,5_6B7ideqbk_18.png,5_6B7ideqbk_000018.wav,chicken clucking
vggsound_02,5_ffqeL0ai0_160.png,5_ffqeL0ai0_000160.wav,people sniggering
vggsound_02,6-8e1bC640c_40.png,6-8e1bC640c_000040.wav,cheetah chirrup
vggsound_02,6-A3YwAdFzQ_30.png,6-A3YwAdFzQ_000030.wav,sliding door
vggsound_02,6-eB2bSzWg0_24.png,6-eB2bSzWg0_000024.wav,otter growling
vggsound_02,6-Lmux2v2g4_0.png,6-Lmux2v2g4_000000.wav,chicken crowing
vggsound_02,6-NYn_XYHx4_30.png,6-NYn_XYHx4_000030.wav,"pigeon, dove cooing"
vggsound_02,60js807k-OM_24.png,60js807k-OM_000024.wav,ferret dooking
vggsound_02,60pjQAHIQeU_34.png,60pjQAHIQeU_000034.wav,lip smacking
vggsound_02,60Zg9sGnQf8_134.png,60Zg9sGnQf8_000134.wav,magpie calling
vggsound_02,61-TmMwRIMA_41.png,61-TmMwRIMA_000041.wav,crow cawing
vggsound_02,618l7Pnb7S4_30.png,618l7Pnb7S4_000030.wav,wind noise
vggsound_02,618ltH6axU8_0.png,618ltH6axU8_000000.wav,pheasant crowing
vggsound_02,61krHyjf-ac_176.png,61krHyjf-ac_000176.wav,"fly, housefly buzzing"
vggsound_02,61oc6cYc2ls_7.png,61oc6cYc2ls_000007.wav,bouncing on trampoline
vggsound_02,61pML737gVQ_130.png,61pML737gVQ_000130.wav,lions growling
vggsound_02,61RqiDDzQRE_225.png,61RqiDDzQRE_000225.wav,sea lion barking
vggsound_02,620GoTv5Ic8_30.png,620GoTv5Ic8_000030.wav,"engine accelerating, revving, vroom"
vggsound_02,625BY3SrQDo_89.png,625BY3SrQDo_000089.wav,cat growling
vggsound_02,62N21fbJoYs_0.png,62N21fbJoYs_000000.wav,baltimore oriole calling
vggsound_02,635mwrfwlyI_21.png,635mwrfwlyI_000021.wav,cat meowing
vggsound_02,636KEGs1EIc_120.png,636KEGs1EIc_000120.wav,chicken crowing
vggsound_02,63ineBbhvY4_19.png,63ineBbhvY4_000019.wav,beat boxing
vggsound_02,63nTYs8hMIs_135.png,63nTYs8hMIs_000135.wav,canary calling
vggsound_02,63P-IeqrnZ8_42.png,63P-IeqrnZ8_000042.wav,fox barking
vggsound_02,63UNY1-bGcA_110.png,63UNY1-bGcA_000110.wav,elk bugling
vggsound_02,63uyNeko1Oo_30.png,63uyNeko1Oo_000030.wav,car engine knocking
vggsound_02,63ykJutnJpk_30.png,63ykJutnJpk_000030.wav,mouse pattering
vggsound_02,63Yp1mEiLwU_12.png,63Yp1mEiLwU_000012.wav,dog barking
vggsound_02,649mLE5gbmA_3.png,649mLE5gbmA_000003.wav,baby crying
vggsound_02,649wP-CMiCA_15.png,649wP-CMiCA_000015.wav,barn swallow calling
vggsound_02,64b8Uyl8l_A_13.png,64b8Uyl8l_A_000013.wav,dog bow-wow
vggsound_02,64eGJ_LStW8_30.png,64eGJ_LStW8_000030.wav,dog bow-wow
vggsound_02,64fMq6IOFNg_24.png,64fMq6IOFNg_000024.wav,mynah bird singing
vggsound_02,64gvMhSb4Eg_129.png,64gvMhSb4Eg_000129.wav,black capped chickadee calling
vggsound_02,64KBgf_AVKk_131.png,64KBgf_AVKk_000131.wav,parrot talking
vggsound_02,64pq8CDbCeU_177.png,64pq8CDbCeU_000177.wav,"fly, housefly buzzing"
vggsound_02,64XaVbM-Tkc_11.png,64XaVbM-Tkc_000011.wav,lions growling
vggsound_02,659mhmSPXWA_128.png,659mhmSPXWA_000128.wav,"bee, wasp, etc. buzzing"
vggsound_02,65BwqKLsAOE_41.png,65BwqKLsAOE_000041.wav,lions roaring
vggsound_02,65cECSnCWvc_111.png,65cECSnCWvc_000111.wav,crow cawing
vggsound_02,65ea_hkzcnc_5.png,65ea_hkzcnc_000005.wav,dog whimpering
vggsound_02,65FF-pf7QK0_30.png,65FF-pf7QK0_000030.wav,"pigeon, dove cooing"
vggsound_02,65momiptQa4_100.png,65momiptQa4_000100.wav,hammering nails
vggsound_02,65phiY5Wbqw_90.png,65phiY5Wbqw_000090.wav,bird wings flapping
vggsound_02,65u3pwOEcBg_15.png,65u3pwOEcBg_000015.wav,frog croaking
vggsound_02,65vCgp9aKGU_105.png,65vCgp9aKGU_000105.wav,canary calling
vggsound_02,66TpNYfAgjE_133.png,66TpNYfAgjE_000133.wav,magpie calling
vggsound_02,67c794qoBgI_0.png,67c794qoBgI_000000.wav,cat hissing
vggsound_02,67Iv4tRKWcw_26.png,67Iv4tRKWcw_000026.wav,parrot talking
vggsound_02,67q_pdxSaSw_127.png,67q_pdxSaSw_000127.wav,parrot talking
vggsound_02,67usg41NhNw_4.png,67usg41NhNw_000004.wav,chicken crowing
vggsound_02,68eMtpUW8HA_70.png,68eMtpUW8HA_000070.wav,ocean burbling
vggsound_02,68fE9L9AENY_21.png,68fE9L9AENY_000021.wav,elk bugling
vggsound_02,68hapDEQEj0_480.png,68hapDEQEj0_000480.wav,chicken clucking
vggsound_02,68LbBh_uP4k_199.png,68LbBh_uP4k_000199.wav,"alligators, crocodiles hissing"
vggsound_02,68Wmq_Ruado_30.png,68Wmq_Ruado_000030.wav,wind rustling leaves
vggsound_02,68yGxMsldpY_3.png,68yGxMsldpY_000003.wav,canary calling
vggsound_02,68_o_B0C4pI_30.png,68_o_B0C4pI_000030.wav,wind rustling leaves
vggsound_02,697C9Jl2Hoc_0.png,697C9Jl2Hoc_000000.wav,frog croaking
vggsound_02,69b8X7jqjXQ_30.png,69b8X7jqjXQ_000030.wav,cat meowing
vggsound_02,69bE1yp9mo0_1.png,69bE1yp9mo0_000001.wav,pig oinking
vggsound_02,69bgfr4s4pw_20.png,69bgfr4s4pw_000020.wav,"bird chirping, tweeting"
vggsound_02,69DwkdnNSSc_30.png,69DwkdnNSSc_000030.wav,"pigeon, dove cooing"
vggsound_02,69gaY3dCWoI_50.png,69gaY3dCWoI_000050.wav,chicken crowing
vggsound_02,69LgHFREng0_9.png,69LgHFREng0_000009.wav,stream burbling
vggsound_02,69z8c3SfTtk_30.png,69z8c3SfTtk_000030.wav,horse clip-clop
vggsound_02,6a1QkIvhNAk_30.png,6a1QkIvhNAk_000030.wav,"bird chirping, tweeting"
vggsound_02,6a2gTkw7ujU_37.png,6a2gTkw7ujU_000037.wav,horse clip-clop
vggsound_02,6A9tDfvsZC0_30.png,6A9tDfvsZC0_000030.wav,dog howling
vggsound_02,6AUmHzgU_Fc_0.png,6AUmHzgU_Fc_000000.wav,"donkey, ass braying"
vggsound_02,6aW8-H92oJ4_30.png,6aW8-H92oJ4_000030.wav,people shuffling
vggsound_02,6a_sPOv20yc_40.png,6a_sPOv20yc_000040.wav,pheasant crowing
vggsound_02,6b-072VA4UA_22.png,6b-072VA4UA_000022.wav,goat bleating
vggsound_02,6B4IVcCuIZE_160.png,6B4IVcCuIZE_000160.wav,airplane flyby
vggsound_02,6bet__QZKXE_0.png,6bet__QZKXE_000000.wav,crow cawing
vggsound_02,6BgAZenHY-k_52.png,6BgAZenHY-k_000052.wav,"donkey, ass braying"
vggsound_02,6bIZ8Sy6-l4_158.png,6bIZ8Sy6-l4_000158.wav,bull bellowing
vggsound_02,6BkP8QfH25E_9.png,6BkP8QfH25E_000009.wav,"alligators, crocodiles hissing"
vggsound_02,6bnjWEaQ1Ks_30.png,6bnjWEaQ1Ks_000030.wav,horse neighing
vggsound_02,6buJmOlT6lc_113.png,6buJmOlT6lc_000113.wav,cat purring
vggsound_02,6bWaHsoPxAM_10.png,6bWaHsoPxAM_000010.wav,chicken crowing
vggsound_02,6BxMf10fgq0_30.png,6BxMf10fgq0_000030.wav,"pigeon, dove cooing"
vggsound_02,6BXR7JlTiBQ_590.png,6BXR7JlTiBQ_000590.wav,coyote howling
vggsound_02,6bZhoyR83Yg_16.png,6bZhoyR83Yg_000016.wav,mosquito buzzing
vggsound_02,6cb-KuqDFI0_10.png,6cb-KuqDFI0_000010.wav,mouse pattering
vggsound_02,6cBQB91_c4U_190.png,6cBQB91_c4U_000190.wav,ocean burbling
vggsound_02,6cC3whgJl_4_30.png,6cC3whgJl_4_000030.wav,horse neighing
vggsound_02,6CCwz77ReJw_30.png,6CCwz77ReJw_000030.wav,horse clip-clop
vggsound_02,6Cf287uGzSc_50.png,6Cf287uGzSc_000050.wav,cricket chirping
vggsound_02,6CFYXzIxtqE_209.png,6CFYXzIxtqE_000209.wav,chimpanzee pant-hooting
vggsound_02,6CJYbXHGReg_0.png,6CJYbXHGReg_000000.wav,cattle mooing
vggsound_02,6cLx-z-Gq5s_108.png,6cLx-z-Gq5s_000108.wav,people screaming
vggsound_02,6cMcPCs0vFg_133.png,6cMcPCs0vFg_000133.wav,cricket chirping
vggsound_02,6CMZKs7K1xU_30.png,6CMZKs7K1xU_000030.wav,people shuffling
vggsound_02,6CxTkgWMHTk_1.png,6CxTkgWMHTk_000001.wav,cattle mooing
vggsound_02,6cZ-NaYHxNk_3.png,6cZ-NaYHxNk_000003.wav,cat purring
vggsound_02,6d7g82FC0TM_71.png,6d7g82FC0TM_000071.wav,cattle mooing
vggsound_02,6D8iBZl3Io0_30.png,6D8iBZl3Io0_000030.wav,duck quacking
vggsound_02,6dBlHaIaw9s_0.png,6dBlHaIaw9s_000000.wav,hail
vggsound_02,6ddsaamXhps_30.png,6ddsaamXhps_000030.wav,dog bow-wow
vggsound_02,6dgTnGDYiZc_9.png,6dgTnGDYiZc_000009.wav,cat meowing
vggsound_02,6Dlxq-maat8_31.png,6Dlxq-maat8_000031.wav,woodpecker pecking tree
vggsound_02,6DVKHxVwclI_16.png,6DVKHxVwclI_000016.wav,wood thrush calling
vggsound_02,6dwkWDQSjkA_57.png,6dwkWDQSjkA_000057.wav,francolin calling
vggsound_02,6dWmAx69Abo_5.png,6dWmAx69Abo_000005.wav,people sneezing
vggsound_02,6E0LhMYZg4o_30.png,6E0LhMYZg4o_000030.wav,cat meowing
vggsound_02,6E3yMI_UrXg_1.png,6E3yMI_UrXg_000001.wav,canary calling
vggsound_02,6EAXozy2ie8_34.png,6EAXozy2ie8_000034.wav,warbler chirping
vggsound_02,6eDB5CyQ8H0_190.png,6eDB5CyQ8H0_000190.wav,lions growling
vggsound_02,6eEvlhM-9fM_4.png,6eEvlhM-9fM_000004.wav,sheep bleating
vggsound_02,6Ehxmmlz8NE_10.png,6Ehxmmlz8NE_000010.wav,bird wings flapping
vggsound_02,6EjIlSFtfU0_60.png,6EjIlSFtfU0_000060.wav,lawn mowing
vggsound_02,6EJxgosrCVc_30.png,6EJxgosrCVc_000030.wav,goose honking
vggsound_02,6En8DV8AwG4_50.png,6En8DV8AwG4_000050.wav,eating with cutlery
vggsound_02,6Epq_a0GdmQ_8.png,6Epq_a0GdmQ_000008.wav,chicken clucking
vggsound_02,6eRAzL2l_9s_21.png,6eRAzL2l_9s_000021.wav,cricket chirping
vggsound_02,6E_4u_WBnzE_21.png,6E_4u_WBnzE_000021.wav,cattle mooing
vggsound_02,6F9m8Bsn_WI_186.png,6F9m8Bsn_WI_000186.wav,parrot talking
vggsound_02,6FadBxm4dFM_30.png,6FadBxm4dFM_000030.wav,dog bow-wow
vggsound_02,6fbP3CJlqio_37.png,6fbP3CJlqio_000037.wav,parrot talking
vggsound_02,6ffdFocLd64_30.png,6ffdFocLd64_000030.wav,"pigeon, dove cooing"
vggsound_02,6fHON7UQV48_364.png,6fHON7UQV48_000364.wav,canary calling
vggsound_02,6fk7dtIgSpk_40.png,6fk7dtIgSpk_000040.wav,mosquito buzzing
vggsound_02,6Flj55tSIQE_90.png,6Flj55tSIQE_000090.wav,dog barking
vggsound_02,6fMb-K4G1Ws_17.png,6fMb-K4G1Ws_000017.wav,airplane flyby
vggsound_02,6Fmw-9gznFk_20.png,6Fmw-9gznFk_000020.wav,goose honking
vggsound_02,6fPLEznLcCM_155.png,6fPLEznLcCM_000155.wav,francolin calling
vggsound_02,6FtwZp-UG7g_30.png,6FtwZp-UG7g_000030.wav,cat meowing
vggsound_02,6Fv7nRVFbjw_59.png,6Fv7nRVFbjw_000059.wav,pheasant crowing
vggsound_02,6FXen1QSW7E_334.png,6FXen1QSW7E_000334.wav,parrot talking
vggsound_02,6G11Ve9d1MQ_30.png,6G11Ve9d1MQ_000030.wav,cat meowing
vggsound_02,6G5H81qDvW4_10.png,6G5H81qDvW4_000010.wav,helicopter
vggsound_02,6g79EQ928e4_93.png,6g79EQ928e4_000093.wav,bird squawking
vggsound_02,6gAQiZDRvXI_11.png,6gAQiZDRvXI_000011.wav,magpie calling
vggsound_02,6GBON0O8OqI_18.png,6GBON0O8OqI_000018.wav,black capped chickadee calling
vggsound_02,6GEbyfICktA_15.png,6GEbyfICktA_000015.wav,turkey gobbling
vggsound_02,6GFmnB9lDCU_240.png,6GFmnB9lDCU_000240.wav,dog barking
vggsound_02,6GgjsPtp3G4_33.png,6GgjsPtp3G4_000033.wav,owl hooting
vggsound_02,6GIOwcT4Lug_0.png,6GIOwcT4Lug_000000.wav,chinchilla barking
vggsound_02,6GjsjhAbXRo_20.png,6GjsjhAbXRo_000020.wav,dog howling
vggsound_02,6gkBx4Ef9is_10.png,6gkBx4Ef9is_000010.wav,mouse pattering
vggsound_02,6GNLbla3mFI_30.png,6GNLbla3mFI_000030.wav,"pigeon, dove cooing"
vggsound_02,6gOHwnyGmWo_160.png,6gOHwnyGmWo_000160.wav,dog bow-wow
vggsound_02,6GoWuxmiXRc_70.png,6GoWuxmiXRc_000070.wav,mynah bird singing
vggsound_02,6GW2IJDwr6A_30.png,6GW2IJDwr6A_000030.wav,sheep bleating
vggsound_02,6GX3MBwj2_M_0.png,6GX3MBwj2_M_000000.wav,dog bow-wow
vggsound_02,6h4vHDNDjWE_30.png,6h4vHDNDjWE_000030.wav,dog bow-wow
vggsound_02,6H6NcNIc80g_50.png,6H6NcNIc80g_000050.wav,bird wings flapping
vggsound_02,6HA2HwIJ2Mw_6.png,6HA2HwIJ2Mw_000006.wav,sheep bleating
vggsound_02,6hKI7NSQ3_U_4.png,6hKI7NSQ3_U_000004.wav,warbler chirping
vggsound_02,6hlkMqrLWEg_248.png,6hlkMqrLWEg_000248.wav,mynah bird singing
vggsound_02,6hoRMFfgewY_30.png,6hoRMFfgewY_000030.wav,horse neighing
vggsound_02,6HRacLWJ5DI_30.png,6HRacLWJ5DI_000030.wav,cattle mooing
vggsound_02,6hsWByq0SVA_175.png,6hsWByq0SVA_000175.wav,dinosaurs bellowing
vggsound_02,6hsxQ-SR16s_18.png,6hsxQ-SR16s_000018.wav,lions roaring
vggsound_02,6HuIs2xW5kI_104.png,6HuIs2xW5kI_000104.wav,fox barking
vggsound_02,6HVkRJiezp8_0.png,6HVkRJiezp8_000000.wav,canary calling
vggsound_02,6HVWJ2vLuLc_174.png,6HVWJ2vLuLc_000174.wav,barn swallow calling
vggsound_02,6hZQHsHfuSo_175.png,6hZQHsHfuSo_000175.wav,pheasant crowing
vggsound_02,6i6xc_5WSmo_213.png,6i6xc_5WSmo_000213.wav,dinosaurs bellowing
vggsound_02,6I70vXYHCC8_30.png,6I70vXYHCC8_000030.wav,cat growling
vggsound_02,6I9BFjKBjLY_37.png,6I9BFjKBjLY_000037.wav,snake rattling
vggsound_02,6ieXDFjLKNo_230.png,6ieXDFjLKNo_000230.wav,lions roaring
vggsound_02,6iG0LQBTI2Q_131.png,6iG0LQBTI2Q_000131.wav,wood thrush calling
vggsound_02,6ipXxuF-BBk_1.png,6ipXxuF-BBk_000001.wav,pheasant crowing
vggsound_02,6IuPqvMQCqE_30.png,6IuPqvMQCqE_000030.wav,dog bow-wow
vggsound_02,6iZZQvXNBnI_9.png,6iZZQvXNBnI_000009.wav,lions growling
vggsound_02,6j1xNdRBUtA_74.png,6j1xNdRBUtA_000074.wav,cat purring
vggsound_02,6JjiUUcl7Ms_25.png,6JjiUUcl7Ms_000025.wav,chicken crowing
vggsound_02,6jLQ217JnSo_148.png,6jLQ217JnSo_000148.wav,chicken clucking
vggsound_02,6jsk3CfKsW4_5.png,6jsk3CfKsW4_000005.wav,baltimore oriole calling
vggsound_02,6jsrzHghu3s_0.png,6jsrzHghu3s_000000.wav,chicken crowing
vggsound_02,6jy7Ke-65QY_146.png,6jy7Ke-65QY_000146.wav,hammering nails
vggsound_02,6JZYD1XSCUc_1.png,6JZYD1XSCUc_000001.wav,lions roaring
vggsound_02,6k3KDhUY9iM_8.png,6k3KDhUY9iM_000008.wav,crow cawing
vggsound_02,6k81BJgTPzk_28.png,6k81BJgTPzk_000028.wav,wind noise
vggsound_02,6KD638dkzZ0_30.png,6KD638dkzZ0_000030.wav,sliding door
vggsound_02,6kdiESHOO3w_30.png,6kdiESHOO3w_000030.wav,cat meowing
vggsound_02,6KiFICzs6UI_150.png,6KiFICzs6UI_000150.wav,mynah bird singing
vggsound_02,6KIV2Eq1lJw_320.png,6KIV2Eq1lJw_000320.wav,mouse pattering
vggsound_02,6klDgs8qJtc_5.png,6klDgs8qJtc_000005.wav,"donkey, ass braying"
vggsound_02,6Kn4bXCPvaA_83.png,6Kn4bXCPvaA_000083.wav,cat caterwauling
vggsound_02,6kNyKHHbQUQ_30.png,6kNyKHHbQUQ_000030.wav,chicken crowing
vggsound_02,6kQYZ8OaiyM_104.png,6kQYZ8OaiyM_000104.wav,"donkey, ass braying"
vggsound_02,6k_0nKWu7bA_0.png,6k_0nKWu7bA_000000.wav,goose honking
vggsound_02,6l0sxqfnaFI_5.png,6l0sxqfnaFI_000005.wav,horse clip-clop
vggsound_02,6l7XVdA5XQk_11.png,6l7XVdA5XQk_000011.wav,gibbon howling
vggsound_02,6l9mH3MMHYE_23.png,6l9mH3MMHYE_000023.wav,goose honking
vggsound_02,6LB-qRj_zW4_30.png,6LB-qRj_zW4_000030.wav,horse clip-clop
vggsound_02,6LgN_ZHxZr8_12.png,6LgN_ZHxZr8_000012.wav,penguins braying
vggsound_02,6Lju47BwGR8_24.png,6Lju47BwGR8_000024.wav,barn swallow calling
vggsound_02,6lSMVCUxmBM_20.png,6lSMVCUxmBM_000020.wav,"pigeon, dove cooing"
vggsound_02,6lULEUKPV_0_0.png,6lULEUKPV_0_000000.wav,goat bleating
vggsound_02,6lZLgErw8IA_17.png,6lZLgErw8IA_000017.wav,goose honking
vggsound_02,6m9XPOKgWE0_20.png,6m9XPOKgWE0_000020.wav,lions growling
vggsound_02,6mCZSB6MX30_35.png,6mCZSB6MX30_000035.wav,dinosaurs bellowing
vggsound_02,6mEVsmeDknA_30.png,6mEVsmeDknA_000030.wav,dog howling
vggsound_02,6MGoUZEILEA_60.png,6MGoUZEILEA_000060.wav,lions growling
vggsound_02,6mK7dO33l04_150.png,6mK7dO33l04_000150.wav,bird wings flapping
vggsound_02,6MSgg1_0xnk_23.png,6MSgg1_0xnk_000023.wav,cricket chirping
vggsound_02,6MsY4e2ddEY_31.png,6MsY4e2ddEY_000031.wav,penguins braying
vggsound_02,6MxUq79Dr4w_253.png,6MxUq79Dr4w_000253.wav,barn swallow calling
vggsound_02,6N64dqePYBg_30.png,6N64dqePYBg_000030.wav,cat meowing
vggsound_02,6n675sfMAyQ_66.png,6n675sfMAyQ_000066.wav,tractor digging
vggsound_02,6nBf0wHORiU_39.png,6nBf0wHORiU_000039.wav,airplane flyby
vggsound_02,6NddnaXbig0_17.png,6NddnaXbig0_000017.wav,cricket chirping
vggsound_02,6ND_4qypQ1k_0.png,6ND_4qypQ1k_000000.wav,crow cawing
vggsound_02,6ne6uXzUO8Y_30.png,6ne6uXzUO8Y_000030.wav,"pigeon, dove cooing"
vggsound_02,6Ne8a6eeg-8_9.png,6Ne8a6eeg-8_000009.wav,canary calling
vggsound_02,6NEpmoq2vAc_16.png,6NEpmoq2vAc_000016.wav,woodpecker pecking tree
vggsound_02,6nHSnOJdv4I_30.png,6nHSnOJdv4I_000030.wav,"pigeon, dove cooing"
vggsound_02,6noUH8hrF8Q_16.png,6noUH8hrF8Q_000016.wav,"bee, wasp, etc. buzzing"
vggsound_02,6nUBZr30yco_110.png,6nUBZr30yco_000110.wav,"bird chirping, tweeting"
vggsound_02,6NWyM2OlvlI_141.png,6NWyM2OlvlI_000141.wav,coyote howling
vggsound_02,6NY0oTsJkaM_30.png,6NY0oTsJkaM_000030.wav,sloshing water
vggsound_02,6Nyfzsi01Xo_30.png,6Nyfzsi01Xo_000030.wav,male singing
vggsound_02,6o2DtNY_NJU_254.png,6o2DtNY_NJU_000254.wav,francolin calling
vggsound_02,6oA3UV61miU_55.png,6oA3UV61miU_000055.wav,cuckoo bird calling
vggsound_02,6ODACANcE7Q_221.png,6ODACANcE7Q_000221.wav,snake rattling
vggsound_02,6odBQkTkuto_30.png,6odBQkTkuto_000030.wav,duck quacking
vggsound_02,6of3tx7IOik_30.png,6of3tx7IOik_000030.wav,wind noise
vggsound_02,6OFDugcFz6o_22.png,6OFDugcFz6o_000022.wav,chicken crowing
vggsound_02,6oGpqLnUhyA_127.png,6oGpqLnUhyA_000127.wav,woodpecker pecking tree
vggsound_02,6OhTUH5Ly9E_30.png,6OhTUH5Ly9E_000030.wav,"bird chirping, tweeting"
vggsound_02,6OP9rFkEoN0_183.png,6OP9rFkEoN0_000183.wav,owl hooting
vggsound_02,6OskTbW5LW8_18.png,6OskTbW5LW8_000018.wav,cheetah chirrup
vggsound_02,6oTOVe1iC0U_111.png,6oTOVe1iC0U_000111.wav,chipmunk chirping
vggsound_02,6OtxvduNt0s_68.png,6OtxvduNt0s_000068.wav,parrot talking
vggsound_02,6o_34a_o_1s_16.png,6o_34a_o_1s_000016.wav,turkey gobbling
vggsound_02,6pbCr577RI0_4.png,6pbCr577RI0_000004.wav,goose honking
vggsound_02,6PjqKLMWLp8_30.png,6PjqKLMWLp8_000030.wav,"pigeon, dove cooing"
vggsound_02,6psjy93yoTA_30.png,6psjy93yoTA_000030.wav,cat caterwauling
vggsound_02,6pvMFjUm7D0_44.png,6pvMFjUm7D0_000044.wav,dog baying
vggsound_02,6q--OBGZiMw_50.png,6q--OBGZiMw_000050.wav,turkey gobbling
vggsound_02,6q11-XdIAX8_273.png,6q11-XdIAX8_000273.wav,chimpanzee pant-hooting
vggsound_02,6q2eH-Y08ww_73.png,6q2eH-Y08ww_000073.wav,dinosaurs bellowing
vggsound_02,6q3Bv5gV8oA_151.png,6q3Bv5gV8oA_000151.wav,cat purring
vggsound_02,6q7F83-on2A_14.png,6q7F83-on2A_000014.wav,dog bow-wow
vggsound_02,6QJTjLvzCXg_40.png,6QJTjLvzCXg_000040.wav,"bee, wasp, etc. buzzing"
vggsound_02,6QlWObG5RWM_37.png,6QlWObG5RWM_000037.wav,elk bugling
vggsound_02,6Qn0J2F-qog_30.png,6Qn0J2F-qog_000030.wav,goose honking
vggsound_02,6QoZ1I0Wr_Y_30.png,6QoZ1I0Wr_Y_000030.wav,dog bow-wow
vggsound_02,6qQnTxbTTx8_30.png,6qQnTxbTTx8_000030.wav,cat meowing
vggsound_02,6qRJi_Va7jI_37.png,6qRJi_Va7jI_000037.wav,black capped chickadee calling
vggsound_02,6QSjNVRH5SI_155.png,6QSjNVRH5SI_000155.wav,woodpecker pecking tree
vggsound_02,6qtIvxTeL1c_30.png,6qtIvxTeL1c_000030.wav,wind rustling leaves
vggsound_02,6qzYpFwx_vc_30.png,6qzYpFwx_vc_000030.wav,parrot talking
vggsound_02,6r2ySrCzqEQ_20.png,6r2ySrCzqEQ_000020.wav,horse clip-clop
vggsound_02,6R5mqKlXGEU_204.png,6R5mqKlXGEU_000204.wav,pheasant crowing
vggsound_02,6r7Dm1xU-DM_20.png,6r7Dm1xU-DM_000020.wav,fireworks banging
vggsound_02,6r8WZBHFvaU_30.png,6r8WZBHFvaU_000030.wav,dog bow-wow
vggsound_02,6RC_5aHj8IQ_0.png,6RC_5aHj8IQ_000000.wav,cat hissing
vggsound_02,6rDbsJXXIn0_24.png,6rDbsJXXIn0_000024.wav,crow cawing
vggsound_02,6RDljU755Xc_122.png,6RDljU755Xc_000122.wav,canary calling
vggsound_02,6Rgf21wCXSo_74.png,6Rgf21wCXSo_000074.wav,"bee, wasp, etc. buzzing"
vggsound_02,6rI4If947Bo_110.png,6rI4If947Bo_000110.wav,lions growling
vggsound_02,6rPUPQY0n5M_110.png,6rPUPQY0n5M_000110.wav,cricket chirping
vggsound_02,6Rr-ya3BvlA_126.png,6Rr-ya3BvlA_000126.wav,parrot talking
vggsound_02,6RsBv4a823Q_30.png,6RsBv4a823Q_000030.wav,horse clip-clop
vggsound_02,6s0ydfe8lVk_13.png,6s0ydfe8lVk_000013.wav,dog whimpering
vggsound_02,6s2pBWctGDM_6.png,6s2pBWctGDM_000006.wav,snake rattling
vggsound_02,6s6m-fMtmFk_3.png,6s6m-fMtmFk_000003.wav,pig oinking
vggsound_02,6s6zo-vLVpI_523.png,6s6zo-vLVpI_000523.wav,black capped chickadee calling
vggsound_02,6SGWjj-UcwY_11.png,6SGWjj-UcwY_000011.wav,elk bugling
vggsound_02,6Sny_-shK20_100.png,6Sny_-shK20_000100.wav,cattle mooing
vggsound_02,6sT-n5_Ihdo_168.png,6sT-n5_Ihdo_000168.wav,mynah bird singing
vggsound_02,6sxb6KEQEIM_39.png,6sxb6KEQEIM_000039.wav,dog baying
vggsound_02,6S_LUlRmpUk_19.png,6S_LUlRmpUk_000019.wav,black capped chickadee calling
vggsound_02,6T1cyURwaKk_3.png,6T1cyURwaKk_000003.wav,snake hissing
vggsound_02,6t9R8V0HNXM_30.png,6t9R8V0HNXM_000030.wav,cat meowing
vggsound_02,6TAVSMDb4Dc_0.png,6TAVSMDb4Dc_000000.wav,lions growling
vggsound_02,6TC-tDmSE88_30.png,6TC-tDmSE88_000030.wav,duck quacking
vggsound_02,6teGEV45YTo_30.png,6teGEV45YTo_000030.wav,wind noise
vggsound_02,6TFSUtMwpwg_18.png,6TFSUtMwpwg_000018.wav,ferret dooking
vggsound_02,6TJj1t3obq8_2.png,6TJj1t3obq8_000002.wav,turkey gobbling
vggsound_02,6To_0e56tXM_120.png,6To_0e56tXM_000120.wav,"pigeon, dove cooing"
vggsound_02,6TSqOcS65jk_30.png,6TSqOcS65jk_000030.wav,cat meowing
vggsound_02,6TtP1wYe42U_2.png,6TtP1wYe42U_000002.wav,mosquito buzzing
vggsound_02,6Tzvv2C1r-w_22.png,6Tzvv2C1r-w_000022.wav,dog whimpering
vggsound_02,6U0YqNMmlCE_30.png,6U0YqNMmlCE_000030.wav,horse clip-clop
vggsound_02,6uDv3CFjq2A_40.png,6uDv3CFjq2A_000040.wav,stream burbling
vggsound_02,6UerRONbexQ_6.png,6UerRONbexQ_000006.wav,cat meowing
vggsound_02,6ug5y7-FZ1Q_8.png,6ug5y7-FZ1Q_000008.wav,wind noise
vggsound_02,6uNejUgvFd8_132.png,6uNejUgvFd8_000132.wav,parrot talking
vggsound_02,6UnOj0qI7uw_30.png,6UnOj0qI7uw_000030.wav,"pigeon, dove cooing"
vggsound_02,6uP4ywRnVrY_40.png,6uP4ywRnVrY_000040.wav,chicken clucking
vggsound_02,6uR7si_snVQ_30.png,6uR7si_snVQ_000030.wav,bird wings flapping
vggsound_02,6UTHxLViHWo_30.png,6UTHxLViHWo_000030.wav,dog bow-wow
vggsound_02,6UYP_v7eipM_9.png,6UYP_v7eipM_000009.wav,frog croaking
vggsound_02,6v3UI7HbprE_30.png,6v3UI7HbprE_000030.wav,helicopter
vggsound_02,6v8fTljQGfk_2.png,6v8fTljQGfk_000002.wav,mynah bird singing
vggsound_02,6vfrTvRKSvg_40.png,6vfrTvRKSvg_000040.wav,chicken crowing
vggsound_02,6vFwzk19b4A_10.png,6vFwzk19b4A_000010.wav,chimpanzee pant-hooting
vggsound_02,6vGvX-CjJ50_7.png,6vGvX-CjJ50_000007.wav,cat meowing
vggsound_02,6vnmlkFDIBg_26.png,6vnmlkFDIBg_000026.wav,air conditioning noise
vggsound_02,6vQDIoGENoo_69.png,6vQDIoGENoo_000069.wav,pheasant crowing
vggsound_02,6vqKJK-F5pk_798.png,6vqKJK-F5pk_000798.wav,playing saxophone
vggsound_02,6vqS6Mb9qCs_34.png,6vqS6Mb9qCs_000034.wav,pheasant crowing
vggsound_02,6VQ_IbDvyhc_38.png,6VQ_IbDvyhc_000038.wav,duck quacking
vggsound_02,6VRcINAY7KE_0.png,6VRcINAY7KE_000000.wav,chainsawing trees
vggsound_02,6VsI6Psae4Y_104.png,6VsI6Psae4Y_000104.wav,owl hooting
vggsound_02,6VUXHzFzS3c_53.png,6VUXHzFzS3c_000053.wav,mynah bird singing
vggsound_02,6w6uwabI5xA_55.png,6w6uwabI5xA_000055.wav,bull bellowing
vggsound_02,6wA1Jx_7bAg_1.png,6wA1Jx_7bAg_000001.wav,goat bleating
vggsound_02,6wcMsULrfQ8_17.png,6wcMsULrfQ8_000017.wav,chimpanzee pant-hooting
vggsound_02,6wd7xuHEmaw_64.png,6wd7xuHEmaw_000064.wav,mynah bird singing
vggsound_02,6wg3GJZk7Q0_1.png,6wg3GJZk7Q0_000001.wav,cat caterwauling
vggsound_02,6WGRllHbRSs_30.png,6WGRllHbRSs_000030.wav,duck quacking
vggsound_02,6wJd7WKgXKo_30.png,6wJd7WKgXKo_000030.wav,cat meowing
vggsound_02,6WKkmr2VBCQ_16.png,6WKkmr2VBCQ_000016.wav,"vehicle horn, car horn, honking"
vggsound_02,6wqcni74cM4_13.png,6wqcni74cM4_000013.wav,"bird chirping, tweeting"
vggsound_02,6WUhDerByUo_40.png,6WUhDerByUo_000040.wav,helicopter
vggsound_02,6WvnAcFci50_18.png,6WvnAcFci50_000018.wav,pheasant crowing
vggsound_02,6X2cXR-SU5o_24.png,6X2cXR-SU5o_000024.wav,"bee, wasp, etc. buzzing"
vggsound_02,6xFiLx5gRzc_30.png,6xFiLx5gRzc_000030.wav,"rowboat, canoe, kayak rowing"
vggsound_02,6xl4rtf7zO8_7.png,6xl4rtf7zO8_000007.wav,cat growling
vggsound_02,6XlRXXLBDJs_30.png,6XlRXXLBDJs_000030.wav,cat meowing
vggsound_02,6Xqt6Gbz-VY_1.png,6Xqt6Gbz-VY_000001.wav,cheetah chirrup
vggsound_02,6xr-djCWDdQ_191.png,6xr-djCWDdQ_000191.wav,dog whimpering
vggsound_02,6XYpV4frkxI_17.png,6XYpV4frkxI_000017.wav,gibbon howling
vggsound_02,6xzmFMkLgMc_5.png,6xzmFMkLgMc_000005.wav,snake hissing
vggsound_02,6Y-2FPU8IVQ_0.png,6Y-2FPU8IVQ_000000.wav,barn swallow calling
vggsound_02,6Y5Ad3Mg068_18.png,6Y5Ad3Mg068_000018.wav,chicken clucking
vggsound_02,6y5ZBZx4vng_8.png,6y5ZBZx4vng_000008.wav,pig oinking
vggsound_02,6Y9NbjGXBXk_65.png,6Y9NbjGXBXk_000065.wav,lions roaring
vggsound_02,6yAEiN45E8A_6.png,6yAEiN45E8A_000006.wav,chicken crowing
vggsound_02,6yAVCOMXo1I_154.png,6yAVCOMXo1I_000154.wav,cheetah chirrup
vggsound_02,6Yd9bB27ijw_60.png,6Yd9bB27ijw_000060.wav,turkey gobbling
vggsound_02,6YiUaJNnXcI_30.png,6YiUaJNnXcI_000030.wav,wind noise
vggsound_02,6Yj7VOu1NHg_9.png,6Yj7VOu1NHg_000009.wav,bull bellowing
vggsound_02,6YKDBuntOF0_30.png,6YKDBuntOF0_000030.wav,dog bow-wow
vggsound_02,6ykh_iSfi-E_30.png,6ykh_iSfi-E_000030.wav,goose honking
vggsound_02,6YY81aszUTI_30.png,6YY81aszUTI_000030.wav,crow cawing
vggsound_02,6Z26Z8stV8g_95.png,6Z26Z8stV8g_000095.wav,"bee, wasp, etc. buzzing"
vggsound_02,6z5CAmfgFc8_71.png,6z5CAmfgFc8_000071.wav,fox barking
vggsound_02,6zDdyQQjjbg_24.png,6zDdyQQjjbg_000024.wav,horse neighing
vggsound_02,6ZEtbX95qYo_190.png,6ZEtbX95qYo_000190.wav,eating with cutlery
vggsound_02,6zFHShr6nNI_32.png,6zFHShr6nNI_000032.wav,pheasant crowing
vggsound_02,6ZhHHVsAnI4_18.png,6ZhHHVsAnI4_000018.wav,"alligators, crocodiles hissing"
vggsound_02,6ZiqMB3DZXw_147.png,6ZiqMB3DZXw_000147.wav,frog croaking
vggsound_02,6ZirsWBV7pA_43.png,6ZirsWBV7pA_000043.wav,baltimore oriole calling
vggsound_02,6ZkJ15TdHmw_234.png,6ZkJ15TdHmw_000234.wav,francolin calling
vggsound_02,6ZMLNmRGG6Q_18.png,6ZMLNmRGG6Q_000018.wav,dog growling
vggsound_02,6zQYJpQ-zg8_18.png,6zQYJpQ-zg8_000018.wav,chicken clucking
vggsound_02,6Zv0plJBWeA_7.png,6Zv0plJBWeA_000007.wav,dog bow-wow
vggsound_02,6zWVhxZnmtI_90.png,6zWVhxZnmtI_000090.wav,chicken crowing
vggsound_02,6zxBGyCPbFA_39.png,6zxBGyCPbFA_000039.wav,dog howling
vggsound_02,6ZzdrOutS8o_10.png,6ZzdrOutS8o_000010.wav,"vehicle horn, car horn, honking"
vggsound_02,6_4OD7A7vCM_55.png,6_4OD7A7vCM_000055.wav,woodpecker pecking tree
vggsound_02,6_59rMcE0os_10.png,6_59rMcE0os_000010.wav,"bird chirping, tweeting"
vggsound_02,6_6j_YrZhbQ_30.png,6_6j_YrZhbQ_000030.wav,"pigeon, dove cooing"
vggsound_02,6_gyxRkCk6Q_294.png,6_gyxRkCk6Q_000294.wav,civil defense siren
vggsound_02,6_i4ZL2qdX8_219.png,6_i4ZL2qdX8_000219.wav,cheetah chirrup
vggsound_02,6_rpMeYeNZk_30.png,6_rpMeYeNZk_000030.wav,"pigeon, dove cooing"
vggsound_02,6__LNSwyvSM_30.png,6__LNSwyvSM_000030.wav,goose honking
vggsound_02,7--_c-gmR1g_118.png,7--_c-gmR1g_000118.wav,parrot talking
vggsound_02,7-3WE3wSv5s_160.png,7-3WE3wSv5s_000160.wav,duck quacking
vggsound_04,A2bYD-MJ_tw_208.png,A2bYD-MJ_tw_000208.wav,black capped chickadee calling
vggsound_04,A2Nwh4uj2Fk_20.png,A2Nwh4uj2Fk_000020.wav,toilet flushing
vggsound_04,A2tHKMEnRuw_30.png,A2tHKMEnRuw_000030.wav,"bird chirping, tweeting"
vggsound_04,A2WuDCtqqbY_299.png,A2WuDCtqqbY_000299.wav,cricket chirping
vggsound_04,A33eE6IhyDg_1.png,A33eE6IhyDg_000001.wav,cat growling
vggsound_04,A391z0kwWCk_39.png,A391z0kwWCk_000039.wav,dog barking
vggsound_04,A3FZ8j3EdkU_30.png,A3FZ8j3EdkU_000030.wav,dog whimpering
vggsound_04,A3X2M-zXwR8_74.png,A3X2M-zXwR8_000074.wav,warbler chirping
vggsound_04,A3XgdErBvCk_7.png,A3XgdErBvCk_000007.wav,wind noise
vggsound_04,A43JOxLa5MM_23.png,A43JOxLa5MM_000023.wav,chicken clucking
vggsound_04,A43v69J7vpA_23.png,A43v69J7vpA_000023.wav,warbler chirping
vggsound_04,A46Ndk-ru0U_139.png,A46Ndk-ru0U_000139.wav,dog baying
vggsound_04,A49QFeYAf9s_12.png,A49QFeYAf9s_000012.wav,dog bow-wow
vggsound_04,A4nxTY0cDWk_85.png,A4nxTY0cDWk_000085.wav,canary calling
vggsound_04,A4QKnAfyOwo_2.png,A4QKnAfyOwo_000002.wav,parrot talking
vggsound_04,A4SjR6-AzgA_42.png,A4SjR6-AzgA_000042.wav,woodpecker pecking tree
vggsound_04,A4vbI3sx1aA_155.png,A4vbI3sx1aA_000155.wav,canary calling
vggsound_04,A4wD6HZA5KY_0.png,A4wD6HZA5KY_000000.wav,penguins braying
vggsound_04,A5-OaLWmw_I_5.png,A5-OaLWmw_I_000005.wav,horse clip-clop
vggsound_04,A5i4L95kQok_49.png,A5i4L95kQok_000049.wav,owl hooting
vggsound_04,A5LDt9pLZ3o_103.png,A5LDt9pLZ3o_000103.wav,airplane flyby
vggsound_04,A5NXL3F-ZsY_260.png,A5NXL3F-ZsY_000260.wav,owl hooting
vggsound_04,A5oIv9763iE_17.png,A5oIv9763iE_000017.wav,cheetah chirrup
vggsound_04,A63X69Mngmg_225.png,A63X69Mngmg_000225.wav,"cattle, bovinae cowbell"
vggsound_04,A65WAGFaRYY_54.png,A65WAGFaRYY_000054.wav,wood thrush calling
vggsound_04,A6dbLkLKj5A_2.png,A6dbLkLKj5A_000002.wav,crow cawing
vggsound_04,A6GuZLAVqbI_110.png,A6GuZLAVqbI_000110.wav,chicken crowing
vggsound_04,A6YGeMNtwBA_124.png,A6YGeMNtwBA_000124.wav,"bird chirping, tweeting"
vggsound_04,A77y1VnuB2o_35.png,A77y1VnuB2o_000035.wav,mouse squeaking
vggsound_04,A7o-wmriwc8_7.png,A7o-wmriwc8_000007.wav,wood thrush calling
vggsound_04,A7OlQh2R8dA_0.png,A7OlQh2R8dA_000000.wav,playing badminton
vggsound_04,A7OM4i7fAZM_88.png,A7OM4i7fAZM_000088.wav,eagle screaming
vggsound_04,A7PmjaZQg7k_0.png,A7PmjaZQg7k_000000.wav,playing french horn
vggsound_04,A8-04aGmHdw_160.png,A8-04aGmHdw_000160.wav,mouse pattering
vggsound_04,A8aiV_MWcWc_180.png,A8aiV_MWcWc_000180.wav,helicopter
vggsound_04,A8c2gxlw0MU_159.png,A8c2gxlw0MU_000159.wav,airplane flyby
vggsound_04,A8FGWFAzeHI_2.png,A8FGWFAzeHI_000002.wav,coyote howling
vggsound_04,A8L0mC1_Geg_400.png,A8L0mC1_Geg_000400.wav,bird wings flapping
vggsound_04,A9DWSxAgt3g_8.png,A9DWSxAgt3g_000008.wav,pig oinking
vggsound_04,A9HHIKln5NQ_40.png,A9HHIKln5NQ_000040.wav,parrot talking
vggsound_04,A9IN_s9VNGc_130.png,A9IN_s9VNGc_000130.wav,splashing water
vggsound_04,A9JSptUG5HU_20.png,A9JSptUG5HU_000020.wav,black capped chickadee calling
vggsound_04,A9l-703AMJI_2.png,A9l-703AMJI_000002.wav,wind chime
vggsound_04,A9n6gH2uS5U_19.png,A9n6gH2uS5U_000019.wav,cat growling
vggsound_04,A9n7s4scX80_0.png,A9n7s4scX80_000000.wav,owl hooting
vggsound_04,A9OpkJuLwks_70.png,A9OpkJuLwks_000070.wav,"cattle, bovinae cowbell"
vggsound_04,A9osdB5ofzQ_147.png,A9osdB5ofzQ_000147.wav,"bee, wasp, etc. buzzing"
vggsound_04,A9vObisEwwY_30.png,A9vObisEwwY_000030.wav,"pigeon, dove cooing"
vggsound_04,A9XlzwX4kcg_0.png,A9XlzwX4kcg_000000.wav,turkey gobbling
vggsound_04,A9z0g1HGLo8_30.png,A9z0g1HGLo8_000030.wav,"pigeon, dove cooing"
vggsound_04,AA00IIWHwFo_10.png,AA00IIWHwFo_000010.wav,ocean burbling
vggsound_04,AA5B6BC4www_30.png,AA5B6BC4www_000030.wav,wind noise
vggsound_04,AaA7kPfC5Hk_124.png,AaA7kPfC5Hk_000124.wav,airplane flyby
vggsound_04,AAdciXShS1c_19.png,AAdciXShS1c_000019.wav,parrot talking
vggsound_04,AAE0eZzaQD4_25.png,AAE0eZzaQD4_000025.wav,elk bugling
vggsound_04,AagLJkfrFMk_60.png,AagLJkfrFMk_000060.wav,toilet flushing
vggsound_04,AaIS8F4KUHM_70.png,AaIS8F4KUHM_000070.wav,fox barking
vggsound_04,AALPO07U5i4_18.png,AALPO07U5i4_000018.wav,mynah bird singing
vggsound_04,AAOSTDhX0LQ_9.png,AAOSTDhX0LQ_000009.wav,chicken clucking
vggsound_04,AaWkG1mi-Hc_69.png,AaWkG1mi-Hc_000069.wav,"fly, housefly buzzing"
vggsound_04,AAy6KeLktiw_128.png,AAy6KeLktiw_000128.wav,bull bellowing
vggsound_04,AAZqfLHYKzI_30.png,AAZqfLHYKzI_000030.wav,goose honking
vggsound_04,Ab30EOJ8KMI_29.png,Ab30EOJ8KMI_000029.wav,canary calling
vggsound_04,Ab363QPIeFY_110.png,Ab363QPIeFY_000110.wav,goose honking
vggsound_04,AB42sGdZ0TQ_23.png,AB42sGdZ0TQ_000023.wav,lawn mowing
vggsound_04,ABb5rX5Zlpk_30.png,ABb5rX5Zlpk_000030.wav,"male speech, man speaking"
vggsound_04,AbH7KWIP-ec_0.png,AbH7KWIP-ec_000000.wav,cat meowing
vggsound_04,AbJ--ls0JPo_46.png,AbJ--ls0JPo_000046.wav,warbler chirping
vggsound_04,AbjDaLKJI2M_18.png,AbjDaLKJI2M_000018.wav,dog baying
vggsound_04,ABkv6IuE2kM_20.png,ABkv6IuE2kM_000020.wav,goose honking
vggsound_04,ABNmO9SewG8_30.png,ABNmO9SewG8_000030.wav,"bee, wasp, etc. buzzing"
vggsound_04,AbOXWo0wDew_27.png,AbOXWo0wDew_000027.wav,fox barking
vggsound_04,ABP4eXT_32Y_60.png,ABP4eXT_32Y_000060.wav,playing saxophone
vggsound_04,ABVAPPVCg9E_242.png,ABVAPPVCg9E_000242.wav,"alligators, crocodiles hissing"
vggsound_04,ABwtfnz8diI_13.png,ABwtfnz8diI_000013.wav,black capped chickadee calling
vggsound_04,AC0SFSRhbLw_16.png,AC0SFSRhbLw_000016.wav,cat purring
vggsound_04,AC1axi_bpEk_23.png,AC1axi_bpEk_000023.wav,sheep bleating
vggsound_04,Ac1gBiac55U_49.png,Ac1gBiac55U_000049.wav,canary calling
vggsound_04,Ac1Venhr8zQ_108.png,Ac1Venhr8zQ_000108.wav,cattle mooing
vggsound_04,Ac9QGN4g4hg_26.png,Ac9QGN4g4hg_000026.wav,crow cawing
vggsound_04,AcDC26-jBvw_39.png,AcDC26-jBvw_000039.wav,lions roaring
vggsound_04,AcJXSEfGGcI_30.png,AcJXSEfGGcI_000030.wav,helicopter
vggsound_04,AckBhvAdLkI_30.png,AckBhvAdLkI_000030.wav,"pigeon, dove cooing"
vggsound_04,AcltNAjDORY_0.png,AcltNAjDORY_000000.wav,ocean burbling
vggsound_04,Acsbu_sH6S4_42.png,Acsbu_sH6S4_000042.wav,parrot talking
vggsound_04,AcWsFWsEO-E_134.png,AcWsFWsEO-E_000134.wav,cricket chirping
vggsound_04,AcyJhpebZJI_10.png,AcyJhpebZJI_000010.wav,wind noise
vggsound_04,AcykiIqAPxU_111.png,AcykiIqAPxU_000111.wav,pheasant crowing
vggsound_04,AD7o2uOLL1o_105.png,AD7o2uOLL1o_000105.wav,parrot talking
vggsound_04,ADBxj8DUWzo_9.png,ADBxj8DUWzo_000009.wav,"donkey, ass braying"
vggsound_04,ADDor9uunp0_100.png,ADDor9uunp0_000100.wav,electric grinder grinding
vggsound_04,AdGuhQxBuqE_17.png,AdGuhQxBuqE_000017.wav,chicken crowing
vggsound_04,AdJ5kxbKXAY_48.png,AdJ5kxbKXAY_000048.wav,frog croaking
vggsound_04,AdjliLby3Rs_51.png,AdjliLby3Rs_000051.wav,dog whimpering
vggsound_04,ADjyDcauxzM_30.png,ADjyDcauxzM_000030.wav,dog growling
vggsound_04,AdLgLvRk-yo_164.png,AdLgLvRk-yo_000164.wav,basketball bounce
vggsound_04,ADoQlPVF4XU_27.png,ADoQlPVF4XU_000027.wav,chicken clucking
vggsound_04,ADRVAtMepAo_118.png,ADRVAtMepAo_000118.wav,pheasant crowing
vggsound_04,AdubRVXpE1c_40.png,AdubRVXpE1c_000040.wav,frog croaking
vggsound_04,AdxqxjGKXCc_302.png,AdxqxjGKXCc_000302.wav,playing bagpipes
vggsound_04,Ae5Vs41USLs_10.png,Ae5Vs41USLs_000010.wav,wind noise
vggsound_04,Ae8YKjpumOE_29.png,Ae8YKjpumOE_000029.wav,owl hooting
vggsound_04,AeEpG2NSlaM_93.png,AeEpG2NSlaM_000093.wav,"bird chirping, tweeting"
vggsound_04,AEhQ8Ayy4Tc_160.png,AEhQ8Ayy4Tc_000160.wav,mosquito buzzing
vggsound_04,AeKz8iDXNI4_159.png,AeKz8iDXNI4_000159.wav,dog howling
vggsound_04,AenD2B1PR5Q_30.png,AenD2B1PR5Q_000030.wav,chicken clucking
vggsound_04,AENuBJZbNG8_30.png,AENuBJZbNG8_000030.wav,people screaming
vggsound_04,AeWxaXYFn04_132.png,AeWxaXYFn04_000132.wav,sea lion barking
vggsound_04,AF0CtMb81t8_30.png,AF0CtMb81t8_000030.wav,dog barking
vggsound_04,AF3aJP6aJqg_95.png,AF3aJP6aJqg_000095.wav,dinosaurs bellowing
vggsound_04,AFACjpDiMSQ_41.png,AFACjpDiMSQ_000041.wav,chipmunk chirping
vggsound_04,AFf0Wm6Qx5M_0.png,AFf0Wm6Qx5M_000000.wav,"alligators, crocodiles hissing"
vggsound_04,AfgsKOrC4-o_27.png,AfgsKOrC4-o_000027.wav,chicken crowing
vggsound_04,AFhejc7KzZw_3.png,AFhejc7KzZw_000003.wav,black capped chickadee calling
vggsound_04,AfPmbFD8gZw_3.png,AfPmbFD8gZw_000003.wav,turkey gobbling
vggsound_04,AFSCOTJB7sc_30.png,AFSCOTJB7sc_000030.wav,"pigeon, dove cooing"
vggsound_04,Afu8L97uG6A_30.png,Afu8L97uG6A_000030.wav,wind noise
vggsound_04,AFwmMFq_xlc_390.png,AFwmMFq_xlc_000390.wav,reversing beeps
vggsound_04,AFxJ9-jGd9A_27.png,AFxJ9-jGd9A_000027.wav,warbler chirping
vggsound_04,AfYIBgyKNho_35.png,AfYIBgyKNho_000035.wav,magpie calling
vggsound_04,AFzAVij-69o_130.png,AFzAVij-69o_000130.wav,chicken crowing
vggsound_04,Ag-kdyk50UI_44.png,Ag-kdyk50UI_000044.wav,cattle mooing
vggsound_04,Ag3LuoL8a9o_149.png,Ag3LuoL8a9o_000149.wav,black capped chickadee calling
vggsound_04,AG5bdpkKTX4_30.png,AG5bdpkKTX4_000030.wav,wind rustling leaves
vggsound_04,AGC68JUEtAY_30.png,AGC68JUEtAY_000030.wav,chicken crowing
vggsound_04,AGDQXlgdzhA_285.png,AGDQXlgdzhA_000285.wav,sheep bleating
vggsound_04,AgHiERJu38A_30.png,AgHiERJu38A_000030.wav,horse clip-clop
vggsound_04,AgLNBaSMRBA_0.png,AgLNBaSMRBA_000000.wav,chipmunk chirping
vggsound_04,AGRoiStB4Lk_42.png,AGRoiStB4Lk_000042.wav,lions roaring
vggsound_04,AgRROYn-oG8_1.png,AgRROYn-oG8_000001.wav,goose honking
vggsound_04,AgytFCtwOeQ_138.png,AgytFCtwOeQ_000138.wav,"bee, wasp, etc. buzzing"
vggsound_04,Ah-IBgwj2lg_30.png,Ah-IBgwj2lg_000030.wav,owl hooting
vggsound_04,AhdNrK473PE_78.png,AhdNrK473PE_000078.wav,penguins braying
vggsound_04,AHIiNsAzgKo_24.png,AHIiNsAzgKo_000024.wav,eagle screaming
vggsound_04,AhpEOE0tmsI_30.png,AhpEOE0tmsI_000030.wav,horse clip-clop
vggsound_04,AhQdcC2kX_8_0.png,AhQdcC2kX_8_000000.wav,lions growling
vggsound_04,AHTGVIwSHpI_150.png,AHTGVIwSHpI_000150.wav,parrot talking
vggsound_04,AHvsNKlPZ-Q_43.png,AHvsNKlPZ-Q_000043.wav,warbler chirping
vggsound_04,Ahwh_p-M2sg_56.png,Ahwh_p-M2sg_000056.wav,airplane
vggsound_04,AhzFkvPlUsg_439.png,AhzFkvPlUsg_000439.wav,cheetah chirrup
vggsound_04,AI68aR4J4G4_25.png,AI68aR4J4G4_000025.wav,wind noise
vggsound_04,AIB-LXGOH6A_40.png,AIB-LXGOH6A_000040.wav,ocean burbling
vggsound_04,AIbkkkY1hZs_20.png,AIbkkkY1hZs_000020.wav,"cattle, bovinae cowbell"
vggsound_04,AicqBhHvGlA_23.png,AicqBhHvGlA_000023.wav,airplane flyby
vggsound_04,AIhCOHv8i7I_19.png,AIhCOHv8i7I_000019.wav,mynah bird singing
vggsound_04,AIKHiK3HPXc_10.png,AIKHiK3HPXc_000010.wav,"bee, wasp, etc. buzzing"
vggsound_04,AIO8uGFrtl8_5.png,AIO8uGFrtl8_000005.wav,magpie calling
vggsound_04,AIqD9xvbXG0_17.png,AIqD9xvbXG0_000017.wav,woodpecker pecking tree
vggsound_04,AIWr9UI83vk_0.png,AIWr9UI83vk_000000.wav,canary calling
vggsound_04,Aix4fazRpn0_10.png,Aix4fazRpn0_000010.wav,dog growling
vggsound_04,AiXdyG7YwwA_10.png,AiXdyG7YwwA_000010.wav,zebra braying
vggsound_04,AjD1BiY0o8E_1.png,AjD1BiY0o8E_000001.wav,pheasant crowing
vggsound_04,AjDX6SsYl5Q_1.png,AjDX6SsYl5Q_000001.wav,roller coaster running
vggsound_04,AJDx_G5odcg_13.png,AJDx_G5odcg_000013.wav,owl hooting
vggsound_04,AJEA1AJ9FuM_7.png,AJEA1AJ9FuM_000007.wav,swimming
vggsound_04,AJF-TNre6Z4_0.png,AJF-TNre6Z4_000000.wav,penguins braying
vggsound_04,AJH-PNMv6gQ_9.png,AJH-PNMv6gQ_000009.wav,"motorboat, speedboat acceleration"
vggsound_04,AJHIsvmXGaQ_0.png,AJHIsvmXGaQ_000000.wav,lions growling
vggsound_04,AJjLJe2YgrY_540.png,AJjLJe2YgrY_000540.wav,splashing water
vggsound_04,AJpUJNK8JXA_29.png,AJpUJNK8JXA_000029.wav,sheep bleating
vggsound_04,AjUvZkhOH_0_0.png,AjUvZkhOH_0_000000.wav,"pigeon, dove cooing"
vggsound_04,AJvG63Eq8Qs_16.png,AJvG63Eq8Qs_000016.wav,fox barking
vggsound_04,AjxBgZV2__k_7.png,AjxBgZV2__k_000007.wav,sheep bleating
vggsound_04,AjzjxR0gZhY_20.png,AjzjxR0gZhY_000020.wav,canary calling
vggsound_04,AjznRVgZ_9Y_245.png,AjznRVgZ_9Y_000245.wav,warbler chirping
vggsound_04,AK3XzGy-XSE_19.png,AK3XzGy-XSE_000019.wav,pheasant crowing
vggsound_04,AK6TwlwWsYY_10.png,AK6TwlwWsYY_000010.wav,dog growling
vggsound_04,Ak7fgTNgFGY_27.png,Ak7fgTNgFGY_000027.wav,cheetah chirrup
vggsound_04,AKa0aj31rFY_8.png,AKa0aj31rFY_000008.wav,bird squawking
vggsound_04,AkAVeSxvjhE_51.png,AkAVeSxvjhE_000051.wav,cricket chirping
vggsound_04,AKjcrEsYykE_340.png,AKjcrEsYykE_000340.wav,vacuum cleaner cleaning floors
vggsound_04,AkK4Cbfq48A_77.png,AkK4Cbfq48A_000077.wav,francolin calling
vggsound_04,AKmkhvb9shk_0.png,AKmkhvb9shk_000000.wav,baltimore oriole calling
vggsound_04,AKoYiWPeDoU_21.png,AKoYiWPeDoU_000021.wav,canary calling
vggsound_04,AKS-1aczxqU_20.png,AKS-1aczxqU_000020.wav,zebra braying
vggsound_04,AkUm0NDZTFs_31.png,AkUm0NDZTFs_000031.wav,airplane flyby
vggsound_04,AkwGkljvxuU_100.png,AkwGkljvxuU_000100.wav,dog whimpering
vggsound_04,AkWjEjazvb0_2.png,AkWjEjazvb0_000002.wav,sliding door
vggsound_04,AKxg_e6EhlU_28.png,AKxg_e6EhlU_000028.wav,warbler chirping
vggsound_04,AKxm4V3OylU_30.png,AKxm4V3OylU_000030.wav,lions roaring
vggsound_04,AkxP0-Nwipw_0.png,AkxP0-Nwipw_000000.wav,chipmunk chirping
vggsound_04,AkXQyXqfj0k_191.png,AkXQyXqfj0k_000191.wav,mosquito buzzing
vggsound_04,AKYqKxuWwwk_434.png,AKYqKxuWwwk_000434.wav,canary calling
vggsound_04,AkzuFnKZH94_2.png,AkzuFnKZH94_000002.wav,scuba diving
vggsound_04,Al3UrBONnGc_358.png,Al3UrBONnGc_000358.wav,lions roaring
vggsound_04,ALA3j7KQ5kQ_41.png,ALA3j7KQ5kQ_000041.wav,black capped chickadee calling
vggsound_04,ALMrnbOgffI_176.png,ALMrnbOgffI_000176.wav,parrot talking
vggsound_04,AlnFwT2U1xM_163.png,AlnFwT2U1xM_000163.wav,parrot talking
vggsound_04,ALngpCKUzmE_99.png,ALngpCKUzmE_000099.wav,chimpanzee pant-hooting
vggsound_04,ALP8_z817Uw_30.png,ALP8_z817Uw_000030.wav,dog barking
vggsound_04,AlqWTkItYzY_150.png,AlqWTkItYzY_000150.wav,bull bellowing
vggsound_04,AlTNj6IWey4_112.png,AlTNj6IWey4_000112.wav,airplane flyby
vggsound_04,AlVM1KtzLWE_30.png,AlVM1KtzLWE_000030.wav,pig oinking
vggsound_04,AlZUmhHgF8g_8.png,AlZUmhHgF8g_000008.wav,chipmunk chirping
vggsound_04,ALzYQhGhFf8_28.png,ALzYQhGhFf8_000028.wav,golf driving
vggsound_04,AM3p_hpT-0o_15.png,AM3p_hpT-0o_000015.wav,crow cawing
vggsound_04,AmAAQSGg22Q_70.png,AmAAQSGg22Q_000070.wav,"bee, wasp, etc. buzzing"
vggsound_04,AmaN_1jO8-A_12.png,AmaN_1jO8-A_000012.wav,pheasant crowing
vggsound_04,AMDTGkpAYFQ_20.png,AMDTGkpAYFQ_000020.wav,lions growling
vggsound_04,AMLJZImQ5Xk_30.png,AMLJZImQ5Xk_000030.wav,mouse squeaking
vggsound_04,AMLvdc8Dbq4_170.png,AMLvdc8Dbq4_000170.wav,playing clarinet
vggsound_04,AmLZJvMO2Xw_18.png,AmLZJvMO2Xw_000018.wav,chicken crowing
vggsound_04,AmogWxgDR8E_30.png,AmogWxgDR8E_000030.wav,"pigeon, dove cooing"
vggsound_04,AmUiu3vVQo4_30.png,AmUiu3vVQo4_000030.wav,"pigeon, dove cooing"
vggsound_04,AmuX-Lv7OeM_580.png,AmuX-Lv7OeM_000580.wav,cattle mooing
vggsound_04,AMXFQ7m9nAo_0.png,AMXFQ7m9nAo_000000.wav,lions roaring
vggsound_04,AMxnCzC33lo_70.png,AMxnCzC33lo_000070.wav,turkey gobbling
vggsound_04,AN0FANPHFvg_15.png,AN0FANPHFvg_000015.wav,horse clip-clop
vggsound_04,Anb55N64tfw_90.png,Anb55N64tfw_000090.wav,woodpecker pecking tree
vggsound_04,ANDMyh-_0pM_13.png,ANDMyh-_0pM_000013.wav,magpie calling
vggsound_04,ANFeuP5ajeg_16.png,ANFeuP5ajeg_000016.wav,warbler chirping
vggsound_04,AnGYl7BIqC4_25.png,AnGYl7BIqC4_000025.wav,sea lion barking
vggsound_04,ANJmE3SlDMQ_30.png,ANJmE3SlDMQ_000030.wav,chicken clucking
vggsound_04,AnKrC55uXhQ_30.png,AnKrC55uXhQ_000030.wav,"bee, wasp, etc. buzzing"
vggsound_04,Anm9grvBT90_83.png,Anm9grvBT90_000083.wav,owl hooting
vggsound_04,ANObpHSU5PA_20.png,ANObpHSU5PA_000020.wav,woodpecker pecking tree
vggsound_04,AnSEissRbDA_45.png,AnSEissRbDA_000045.wav,wood thrush calling
vggsound_04,AnsWBhwvumo_30.png,AnsWBhwvumo_000030.wav,duck quacking
vggsound_04,ANUVJFM0Yk0_30.png,ANUVJFM0Yk0_000030.wav,wind noise
vggsound_04,ANvngB4VvUk_10.png,ANvngB4VvUk_000010.wav,mynah bird singing
vggsound_04,ANXFvn9bRN4_49.png,ANXFvn9bRN4_000049.wav,ferret dooking
vggsound_04,ANxHyEeVnV8_26.png,ANxHyEeVnV8_000026.wav,barn swallow calling
vggsound_04,ANZfg6Rl4qo_16.png,ANZfg6Rl4qo_000016.wav,magpie calling
vggsound_04,Ao-lUtXtmvA_6.png,Ao-lUtXtmvA_000006.wav,woodpecker pecking tree
vggsound_04,Ao4ls4kFejw_50.png,Ao4ls4kFejw_000050.wav,dog barking
vggsound_04,AO9wfi4KjcA_74.png,AO9wfi4KjcA_000074.wav,barn swallow calling
vggsound_04,AOBjD68ONNg_40.png,AOBjD68ONNg_000040.wav,dog barking
vggsound_04,AOBlJVL5KfA_10.png,AOBlJVL5KfA_000010.wav,"pigeon, dove cooing"
vggsound_04,AOjmb8Gwhr8_39.png,AOjmb8Gwhr8_000039.wav,"cattle, bovinae cowbell"
vggsound_04,Aor9HAj6HMs_0.png,Aor9HAj6HMs_000000.wav,"bee, wasp, etc. buzzing"
vggsound_04,AORRjClSmfw_26.png,AORRjClSmfw_000026.wav,chicken crowing
vggsound_04,AOSVHoRTyC4_30.png,AOSVHoRTyC4_000030.wav,chicken crowing
vggsound_04,AoUn8I-RtRk_30.png,AoUn8I-RtRk_000030.wav,horse neighing
vggsound_04,AOW344Uyo8w_5.png,AOW344Uyo8w_000005.wav,lions roaring
vggsound_04,AOw_3JzM2w4_15.png,AOw_3JzM2w4_000015.wav,crow cawing
vggsound_04,AoY3PpFWQqY_520.png,AoY3PpFWQqY_000520.wav,goose honking
vggsound_04,AOyBKxwfSfU_20.png,AOyBKxwfSfU_000020.wav,"cattle, bovinae cowbell"
vggsound_04,AP1ROyZfWOY_28.png,AP1ROyZfWOY_000028.wav,chicken clucking
vggsound_04,Ap26rqhM6gI_62.png,Ap26rqhM6gI_000062.wav,francolin calling
vggsound_04,AP9fD-yriqI_30.png,AP9fD-yriqI_000030.wav,pig oinking
vggsound_04,APDo83echgo_30.png,APDo83echgo_000030.wav,duck quacking
vggsound_04,ApfVkZ5_dmM_18.png,ApfVkZ5_dmM_000018.wav,horse clip-clop
vggsound_04,ApMojxDfms0_273.png,ApMojxDfms0_000273.wav,magpie calling
vggsound_04,APoohNMTR1U_20.png,APoohNMTR1U_000020.wav,chicken crowing
vggsound_04,APqRQ4_NLcY_13.png,APqRQ4_NLcY_000013.wav,black capped chickadee calling
vggsound_04,APttVW2ODTo_13.png,APttVW2ODTo_000013.wav,wind noise
vggsound_04,APV65gMZT18_4.png,APV65gMZT18_000004.wav,turkey gobbling
vggsound_04,ApvmmsvgdQ8_38.png,ApvmmsvgdQ8_000038.wav,warbler chirping
vggsound_04,ApxHPA1jL4k_20.png,ApxHPA1jL4k_000020.wav,lions growling
vggsound_04,APyUl6YhS28_30.png,APyUl6YhS28_000030.wav,"pigeon, dove cooing"
vggsound_04,Aq-be7Y_yyY_16.png,Aq-be7Y_yyY_000016.wav,chicken clucking
vggsound_04,Aq2mBWl-Q6Q_114.png,Aq2mBWl-Q6Q_000114.wav,black capped chickadee calling
vggsound_04,Aq3pc1q58Kw_84.png,Aq3pc1q58Kw_000084.wav,cat caterwauling
vggsound_04,AqCRaxQFci4_131.png,AqCRaxQFci4_000131.wav,cricket chirping
vggsound_04,AqjB8DGt85U_34.png,AqjB8DGt85U_000034.wav,cat caterwauling
vggsound_04,AQnCp72_33M_15.png,AQnCp72_33M_000015.wav,cattle mooing
vggsound_04,Aqow6daDNYc_10.png,Aqow6daDNYc_000010.wav,"vehicle horn, car horn, honking"
vggsound_04,AqwQzr_B_w8_100.png,AqwQzr_B_w8_000100.wav,sailing
vggsound_04,AQxbkBgTyl8_30.png,AQxbkBgTyl8_000030.wav,wind noise
vggsound_04,AR27ruOTv4c_30.png,AR27ruOTv4c_000030.wav,ocean burbling
vggsound_04,AR5IAdWZ2s0_19.png,AR5IAdWZ2s0_000019.wav,cow lowing
vggsound_04,ARFBC4LeCFY_19.png,ARFBC4LeCFY_000019.wav,chicken clucking
vggsound_04,Arg_TQn0eVo_0.png,Arg_TQn0eVo_000000.wav,otter growling
vggsound_04,ARjdxAg4Djg_2.png,ARjdxAg4Djg_000002.wav,mynah bird singing
vggsound_04,ARrb06s5a0Y_37.png,ARrb06s5a0Y_000037.wav,"donkey, ass braying"
vggsound_04,ARR_thPom7E_37.png,ARR_thPom7E_000037.wav,pheasant crowing
vggsound_04,ARTL4TlIWXw_206.png,ARTL4TlIWXw_000206.wav,spraying water
vggsound_04,AS-lu9HCu60_10.png,AS-lu9HCu60_000010.wav,lions growling
vggsound_04,AS5kP5h-xJ8_102.png,AS5kP5h-xJ8_000102.wav,dog baying
vggsound_04,AScmP_vDPhs_1.png,AScmP_vDPhs_000001.wav,cuckoo bird calling
vggsound_04,ASeWJoN0I5A_71.png,ASeWJoN0I5A_000071.wav,woodpecker pecking tree
vggsound_04,Asf2UPmhJeI_13.png,Asf2UPmhJeI_000013.wav,"cattle, bovinae cowbell"
vggsound_04,AsfaqUzgBfM_227.png,AsfaqUzgBfM_000227.wav,woodpecker pecking tree
vggsound_04,ASgIPoBZfWY_73.png,ASgIPoBZfWY_000073.wav,mynah bird singing
vggsound_04,AsgyBTLK3yw_30.png,AsgyBTLK3yw_000030.wav,"pigeon, dove cooing"
vggsound_04,AsHHqbn5Plk_113.png,AsHHqbn5Plk_000113.wav,goat bleating
vggsound_04,ASLPvm9LxGs_11.png,ASLPvm9LxGs_000011.wav,owl hooting
vggsound_04,AsP-xKZv_7g_25.png,AsP-xKZv_7g_000025.wav,"ice cream truck, ice cream van"
vggsound_04,ASUgGJpwlMs_29.png,ASUgGJpwlMs_000029.wav,dog howling
vggsound_04,AS_f4Rn-hAc_7.png,AS_f4Rn-hAc_000007.wav,magpie calling
vggsound_04,ATI2FiC2_6M_30.png,ATI2FiC2_6M_000030.wav,horse clip-clop
vggsound_04,ATkcKBREwfA_291.png,ATkcKBREwfA_000291.wav,magpie calling
vggsound_04,AtNkJl2Av3c_25.png,AtNkJl2Av3c_000025.wav,"railroad car, train wagon"
vggsound_04,ATvL1j_MorM_30.png,ATvL1j_MorM_000030.wav,wind noise
vggsound_04,AU3UT8Cvkd4_60.png,AU3UT8Cvkd4_000060.wav,lions growling
vggsound_04,Au8g9kAlrLQ_30.png,Au8g9kAlrLQ_000030.wav,turkey gobbling
vggsound_04,AuaOKTqBvj8_310.png,AuaOKTqBvj8_000310.wav,helicopter
vggsound_04,AUbQtsMg0uk_30.png,AUbQtsMg0uk_000030.wav,ocean burbling
vggsound_04,AUG9XJrYopM_0.png,AUG9XJrYopM_000000.wav,chicken crowing
vggsound_04,AuwXsdruL7I_30.png,AuwXsdruL7I_000030.wav,lions roaring
vggsound_04,Av1TQlbi_r0_10.png,Av1TQlbi_r0_000010.wav,chipmunk chirping
vggsound_04,AVeiMzS5w14_40.png,AVeiMzS5w14_000040.wav,dog barking
vggsound_04,Avflk4IgQxs_30.png,Avflk4IgQxs_000030.wav,"pigeon, dove cooing"
vggsound_04,AVJ_MwYll8s_21.png,AVJ_MwYll8s_000021.wav,horse neighing
vggsound_04,AVmWq0nVJBM_23.png,AVmWq0nVJBM_000023.wav,"cattle, bovinae cowbell"
vggsound_04,Avo6pUMjk64_0.png,Avo6pUMjk64_000000.wav,horse neighing
vggsound_04,AVORzfvV114_143.png,AVORzfvV114_000143.wav,parrot talking
vggsound_04,AvQQGLtBt1g_171.png,AvQQGLtBt1g_000171.wav,parrot talking
vggsound_04,AvUar3S_B9c_4.png,AvUar3S_B9c_000004.wav,dog growling
vggsound_04,AVuAtBfjKKM_10.png,AVuAtBfjKKM_000010.wav,"rowboat, canoe, kayak rowing"
vggsound_04,AvvfLsi0u6o_30.png,AvvfLsi0u6o_000030.wav,chicken clucking
vggsound_04,Aw5BwrqdmHc_10.png,Aw5BwrqdmHc_000010.wav,canary calling
vggsound_04,Aw9arRIoBR4_30.png,Aw9arRIoBR4_000030.wav,sliding door
vggsound_04,AwEi6TMrOWc_4.png,AwEi6TMrOWc_000004.wav,owl hooting
vggsound_04,AWet9qFT15M_79.png,AWet9qFT15M_000079.wav,"pigeon, dove cooing"
vggsound_04,AWfaDASpjCY_30.png,AWfaDASpjCY_000030.wav,"pigeon, dove cooing"
vggsound_04,AWH7nE0vekg_20.png,AWH7nE0vekg_000020.wav,mouse pattering
vggsound_04,AwHupnbzjOU_10.png,AwHupnbzjOU_000010.wav,driving motorcycle
vggsound_04,AWKdMdlD9wg_45.png,AWKdMdlD9wg_000045.wav,pheasant crowing
vggsound_04,AwPF9__QRIE_290.png,AwPF9__QRIE_000290.wav,"bee, wasp, etc. buzzing"
vggsound_04,AWrT81TU38M_30.png,AWrT81TU38M_000030.wav,wind noise
vggsound_04,AWvefaN8USk_12.png,AWvefaN8USk_000012.wav,goat bleating
vggsound_04,AWvjDPQddv8_46.png,AWvjDPQddv8_000046.wav,airplane flyby
vggsound_04,Awxe89fXai8_30.png,Awxe89fXai8_000030.wav,helicopter
vggsound_04,Awxvsh2tM48_500.png,Awxvsh2tM48_000500.wav,cricket chirping
vggsound_04,AWZQiVd-HAs_110.png,AWZQiVd-HAs_000110.wav,wind rustling leaves
vggsound_04,Ax4prAbYhUg_30.png,Ax4prAbYhUg_000030.wav,dog whimpering
vggsound_04,AxbRDOXxkTY_0.png,AxbRDOXxkTY_000000.wav,woodpecker pecking tree
vggsound_04,AxeN3Geyzf4_13.png,AxeN3Geyzf4_000013.wav,lions roaring
vggsound_04,AxEOAL30nXQ_131.png,AxEOAL30nXQ_000131.wav,hail
vggsound_04,AXePI2Y9b2M_30.png,AXePI2Y9b2M_000030.wav,splashing water
vggsound_04,AxeR8pY09OE_22.png,AxeR8pY09OE_000022.wav,hail
vggsound_04,AXfySUIG6Do_9.png,AXfySUIG6Do_000009.wav,woodpecker pecking tree
vggsound_04,AxH2Tsuyjv0_31.png,AxH2Tsuyjv0_000031.wav,wind rustling leaves
vggsound_04,Axhfz2XxF2g_0.png,Axhfz2XxF2g_000000.wav,cat purring
vggsound_04,Axk2uSEiGZ8_2.png,Axk2uSEiGZ8_000002.wav,cheetah chirrup
vggsound_04,AxKwaIiLX44_185.png,AxKwaIiLX44_000185.wav,wood thrush calling
vggsound_04,AXODeQAesBI_132.png,AXODeQAesBI_000132.wav,magpie calling
vggsound_04,AXpRMbBmGFA_36.png,AXpRMbBmGFA_000036.wav,hammering nails
vggsound_04,AXQ75Q9gTqQ_282.png,AXQ75Q9gTqQ_000282.wav,airplane
vggsound_04,AxXqEuGpv3o_140.png,AxXqEuGpv3o_000140.wav,turkey gobbling
vggsound_04,AX_4prhnclo_149.png,AX_4prhnclo_000149.wav,mynah bird singing
vggsound_04,AYd975k3SkE_14.png,AYd975k3SkE_000014.wav,eagle screaming
vggsound_04,AYDgPiRzqHE_20.png,AYDgPiRzqHE_000020.wav,"bird chirping, tweeting"
vggsound_04,AYdrI9uDW3E_15.png,AYdrI9uDW3E_000015.wav,civil defense siren
vggsound_04,AyEctiqVYQc_30.png,AyEctiqVYQc_000030.wav,printer printing
vggsound_04,AyEGPZ3cFfY_43.png,AyEGPZ3cFfY_000043.wav,owl hooting
vggsound_04,AYGF5zcop9I_197.png,AYGF5zcop9I_000197.wav,penguins braying
vggsound_04,Aygl9-ur8NU_1.png,Aygl9-ur8NU_000001.wav,gibbon howling
vggsound_04,AYGWs42G2UQ_10.png,AYGWs42G2UQ_000010.wav,chicken crowing
vggsound_04,AyHdhMayfYg_10.png,AyHdhMayfYg_000010.wav,"bird chirping, tweeting"
vggsound_04,AyjjP5CeWmM_30.png,AyjjP5CeWmM_000030.wav,waterfall burbling
vggsound_04,AYw8RJX-V88_70.png,AYw8RJX-V88_000070.wav,mouse squeaking
vggsound_04,AY_YF1RFasY_17.png,AY_YF1RFasY_000017.wav,gibbon howling
vggsound_04,Az8NdAwKHzo_8.png,Az8NdAwKHzo_000008.wav,lions growling
vggsound_04,AzAr0ZMs93c_18.png,AzAr0ZMs93c_000018.wav,frog croaking
vggsound_04,AzbgnZ5QxG8_10.png,AzbgnZ5QxG8_000010.wav,parrot talking
vggsound_04,AzGflMgKULY_80.png,AzGflMgKULY_000080.wav,bird wings flapping
vggsound_04,AZgG_6NE8j4_240.png,AZgG_6NE8j4_000240.wav,parrot talking
vggsound_04,AZKoEC5k-PA_27.png,AZKoEC5k-PA_000027.wav,dog growling
vggsound_04,AzlcI8IIJu0_130.png,AzlcI8IIJu0_000130.wav,mouse pattering
vggsound_04,AZRLLHGEGBI_0.png,AZRLLHGEGBI_000000.wav,whale calling
vggsound_04,AztXg9mocvI_30.png,AztXg9mocvI_000030.wav,driving buses
vggsound_04,AzxqaRmA72E_11.png,AzxqaRmA72E_000011.wav,parrot talking
vggsound_04,AZyjf5yVOiM_10.png,AZyjf5yVOiM_000010.wav,chicken crowing
vggsound_04,A_1Hgns5fIk_10.png,A_1Hgns5fIk_000010.wav,lions growling
vggsound_04,A_2q2pBt9ho_0.png,A_2q2pBt9ho_000000.wav,hail
vggsound_04,A_8ODzUdxgU_31.png,A_8ODzUdxgU_000031.wav,francolin calling
vggsound_04,A_AhbCVlDt0_30.png,A_AhbCVlDt0_000030.wav,wind noise
vggsound_04,A_d16T8xAIk_10.png,A_d16T8xAIk_000010.wav,whale calling
vggsound_04,A_jWehat1-k_36.png,A_jWehat1-k_000036.wav,parrot talking
vggsound_04,A_OVXxnKrs4_76.png,A_OVXxnKrs4_000076.wav,airplane
vggsound_04,A_syLVXfAPQ_162.png,A_syLVXfAPQ_000162.wav,pheasant crowing
vggsound_04,A_Vcl28fci4_40.png,A_Vcl28fci4_000040.wav,"bird chirping, tweeting"
vggsound_04,A_xvegMIGrI_40.png,A_xvegMIGrI_000040.wav,cheetah chirrup
vggsound_04,B-6GFWkeok8_137.png,B-6GFWkeok8_000137.wav,bird wings flapping
vggsound_04,B-C9u4GpvHE_94.png,B-C9u4GpvHE_000094.wav,pig oinking
vggsound_04,B-Fm-1F2fLE_158.png,B-Fm-1F2fLE_000158.wav,parrot talking
vggsound_04,B-kLtx8sdUI_13.png,B-kLtx8sdUI_000013.wav,chimpanzee pant-hooting
vggsound_04,B-WnST4S1gk_12.png,B-WnST4S1gk_000012.wav,pheasant crowing
vggsound_04,B-w_ao8IuNA_31.png,B-w_ao8IuNA_000031.wav,cricket chirping
vggsound_04,B-Yc5etOTG4_598.png,B-Yc5etOTG4_000598.wav,turkey gobbling
vggsound_04,B-_FWbF2z_c_20.png,B-_FWbF2z_c_000020.wav,scuba diving
vggsound_04,B09jnw3CHCY_20.png,B09jnw3CHCY_000020.wav,"bee, wasp, etc. buzzing"
vggsound_04,B0lVmzQn29Y_4.png,B0lVmzQn29Y_000004.wav,black capped chickadee calling
vggsound_04,B0vGyJRUfkU_6.png,B0vGyJRUfkU_000006.wav,chicken crowing
vggsound_04,B0YP60j1VR4_12.png,B0YP60j1VR4_000012.wav,sliding door
vggsound_04,B1ax5dX6XrU_163.png,B1ax5dX6XrU_000163.wav,wood thrush calling
vggsound_04,B1FzFNkPrfQ_220.png,B1FzFNkPrfQ_000220.wav,goose honking
vggsound_04,B1Hm4Z-kqdA_30.png,B1Hm4Z-kqdA_000030.wav,"pigeon, dove cooing"
vggsound_04,B1jCuGAotyc_7.png,B1jCuGAotyc_000007.wav,rope skipping
vggsound_04,B1S1VRy8oRA_30.png,B1S1VRy8oRA_000030.wav,"pigeon, dove cooing"
vggsound_04,B1SipVuaIhM_204.png,B1SipVuaIhM_000204.wav,airplane flyby
vggsound_04,B2e4pNG7mlk_17.png,B2e4pNG7mlk_000017.wav,pheasant crowing
vggsound_04,B2FgTLbY5do_0.png,B2FgTLbY5do_000000.wav,airplane flyby
vggsound_04,B2P716WAO4o_0.png,B2P716WAO4o_000000.wav,chicken crowing
vggsound_04,B2ruzx2LOFg_30.png,B2ruzx2LOFg_000030.wav,"rowboat, canoe, kayak rowing"
vggsound_04,B2vFaiZpeC4_32.png,B2vFaiZpeC4_000032.wav,"cattle, bovinae cowbell"
vggsound_04,B2zxLGtgTu4_3.png,B2zxLGtgTu4_000003.wav,snake hissing
vggsound_04,B39x6m_9-xQ_12.png,B39x6m_9-xQ_000012.wav,chinchilla barking
vggsound_04,B3vMVxP5Lzw_38.png,B3vMVxP5Lzw_000038.wav,"donkey, ass braying"
vggsound_04,B3YgyEcSe_o_26.png,B3YgyEcSe_o_000026.wav,horse neighing
vggsound_04,B3YuRQPkubE_21.png,B3YuRQPkubE_000021.wav,goose honking
vggsound_04,B4HgwiSXwEg_10.png,B4HgwiSXwEg_000010.wav,"pigeon, dove cooing"
vggsound_04,B4qlXfHLsPY_30.png,B4qlXfHLsPY_000030.wav,dog barking
vggsound_04,B4R_7B2l9ZU_74.png,B4R_7B2l9ZU_000074.wav,"bird chirping, tweeting"
vggsound_04,B53MCaYoKo4_37.png,B53MCaYoKo4_000037.wav,bird squawking
vggsound_04,B5f7PdOBC6c_20.png,B5f7PdOBC6c_000020.wav,cuckoo bird calling
vggsound_04,B5j51cqnY0U_1.png,B5j51cqnY0U_000001.wav,chipmunk chirping
vggsound_04,B5KE79I2f-A_188.png,B5KE79I2f-A_000188.wav,wind noise
vggsound_04,B5XbkI3zj3U_59.png,B5XbkI3zj3U_000059.wav,coyote howling
vggsound_04,B6q92Hjfq4I_36.png,B6q92Hjfq4I_000036.wav,toilet flushing
vggsound_04,B6r7UXknBbQ_50.png,B6r7UXknBbQ_000050.wav,lions growling
vggsound_04,B6uo7b665fM_21.png,B6uo7b665fM_000021.wav,crow cawing
vggsound_04,B6Vg8AQuoQ0_30.png,B6Vg8AQuoQ0_000030.wav,door slamming
vggsound_04,B72Krbb9t-U_23.png,B72Krbb9t-U_000023.wav,cheetah chirrup
vggsound_04,B7cF_In3_-c_30.png,B7cF_In3_-c_000030.wav,horse neighing
vggsound_04,B7DT-GCeqC0_246.png,B7DT-GCeqC0_000246.wav,raining
vggsound_04,B7lf9HgFAwQ_30.png,B7lf9HgFAwQ_000030.wav,horse clip-clop
vggsound_04,B7m_WMOF87U_16.png,B7m_WMOF87U_000016.wav,lions roaring
vggsound_04,B7vD2xVea9Y_19.png,B7vD2xVea9Y_000019.wav,chicken clucking
vggsound_04,B7w_snk3u1U_6.png,B7w_snk3u1U_000006.wav,airplane flyby
vggsound_04,B7xVw2O6HtE_64.png,B7xVw2O6HtE_000064.wav,cat meowing
vggsound_04,B8-2EKrNwzo_120.png,B8-2EKrNwzo_000120.wav,cricket chirping
vggsound_04,B8BjptiXeAY_160.png,B8BjptiXeAY_000160.wav,"bee, wasp, etc. buzzing"
vggsound_04,B8l1zEMfKv4_0.png,B8l1zEMfKv4_000000.wav,lions roaring
vggsound_04,B8rdur4aams_30.png,B8rdur4aams_000030.wav,"vehicle horn, car horn, honking"
vggsound_04,B94F7U7oFlw_30.png,B94F7U7oFlw_000030.wav,airplane flyby
vggsound_04,B96NeZ5Drx8_12.png,B96NeZ5Drx8_000012.wav,duck quacking
vggsound_04,B98kwmX2DBE_2.png,B98kwmX2DBE_000002.wav,cat meowing
vggsound_04,B9p9q6CvXG8_30.png,B9p9q6CvXG8_000030.wav,cat meowing
vggsound_04,B9qXk9sqF5Q_34.png,B9qXk9sqF5Q_000034.wav,chimpanzee pant-hooting
vggsound_04,B9s7xhvx3po_200.png,B9s7xhvx3po_000200.wav,"bird chirping, tweeting"
vggsound_04,B9ZQfpwK--8_50.png,B9ZQfpwK--8_000050.wav,chicken crowing
vggsound_04,BA2vRI5h-KM_8.png,BA2vRI5h-KM_000008.wav,goose honking
vggsound_04,BA4qayqjvGk_30.png,BA4qayqjvGk_000030.wav,"pigeon, dove cooing"
vggsound_04,BaBT2r8L6E4_13.png,BaBT2r8L6E4_000013.wav,"pigeon, dove cooing"
vggsound_04,BACrPD-_fOo_16.png,BACrPD-_fOo_000016.wav,cat caterwauling
vggsound_04,BADTubaKbrE_220.png,BADTubaKbrE_000220.wav,bird wings flapping
vggsound_04,BAIz9-QuT1A_87.png,BAIz9-QuT1A_000087.wav,opening or closing drawers
vggsound_04,BAjBi8bpk0k_10.png,BAjBi8bpk0k_000010.wav,wood thrush calling
vggsound_04,BALjll2t_8w_20.png,BALjll2t_8w_000020.wav,playing saxophone
vggsound_04,BAo2Ogc7j0A_30.png,BAo2Ogc7j0A_000030.wav,wind rustling leaves
vggsound_04,BARgPMgt7no_0.png,BARgPMgt7no_000000.wav,magpie calling
vggsound_04,Baz-FywZ15E_23.png,Baz-FywZ15E_000023.wav,"pigeon, dove cooing"
vggsound_04,BaZsTJqGzyo_59.png,BaZsTJqGzyo_000059.wav,mynah bird singing
vggsound_04,BAz_odQIcXE_48.png,BAz_odQIcXE_000048.wav,francolin calling
vggsound_04,BbCLiCqZD7s_532.png,BbCLiCqZD7s_000532.wav,gibbon howling
vggsound_04,BbgeE_RYsGk_14.png,BbgeE_RYsGk_000014.wav,woodpecker pecking tree
vggsound_04,BBGfGCu0KP4_230.png,BBGfGCu0KP4_000230.wav,"bee, wasp, etc. buzzing"
vggsound_04,BbICOMJQ0F0_5.png,BbICOMJQ0F0_000005.wav,basketball bounce
vggsound_04,BBJ0y1q00L0_30.png,BBJ0y1q00L0_000030.wav,people screaming
vggsound_04,BBnK3BrYLnE_7.png,BBnK3BrYLnE_000007.wav,horse clip-clop
vggsound_04,BBoPiElLY_E_88.png,BBoPiElLY_E_000088.wav,people screaming
vggsound_04,BbOPZN321vA_30.png,BbOPZN321vA_000030.wav,wind noise
vggsound_04,BBPI-CSQQpY_30.png,BBPI-CSQQpY_000030.wav,chicken crowing
vggsound_04,BBqdRYhziF4_65.png,BBqdRYhziF4_000065.wav,mynah bird singing
vggsound_04,BBrcF4zoBAQ_1.png,BBrcF4zoBAQ_000001.wav,zebra braying
vggsound_04,BBrNgRn_OQI_59.png,BBrNgRn_OQI_000059.wav,woodpecker pecking tree
vggsound_04,BbTWXn8iHfM_170.png,BbTWXn8iHfM_000170.wav,cattle mooing
vggsound_04,BBUElSZwU6U_0.png,BBUElSZwU6U_000000.wav,pheasant crowing
vggsound_04,BBvTfoFMAtc_4.png,BBvTfoFMAtc_000004.wav,"donkey, ass braying"
vggsound_04,BbVu435YvDM_9.png,BbVu435YvDM_000009.wav,cuckoo bird calling
vggsound_04,BC-7drMslJA_29.png,BC-7drMslJA_000029.wav,dog bow-wow
vggsound_04,Bc2hyStozNM_0.png,Bc2hyStozNM_000000.wav,parrot talking
vggsound_04,BC7cPy1aWi4_28.png,BC7cPy1aWi4_000028.wav,chinchilla barking
vggsound_04,BCa6xapnvg8_12.png,BCa6xapnvg8_000012.wav,pig oinking
vggsound_04,BCCk8vMqx-U_12.png,BCCk8vMqx-U_000012.wav,dinosaurs bellowing
vggsound_04,BcDXW4fKExE_86.png,BcDXW4fKExE_000086.wav,dog baying
vggsound_04,BCH2L7vEdTg_146.png,BCH2L7vEdTg_000146.wav,parrot talking
vggsound_04,Bci6NPvTyHI_12.png,Bci6NPvTyHI_000012.wav,chicken clucking
vggsound_04,BckOteKD49k_30.png,BckOteKD49k_000030.wav,mouse pattering
vggsound_04,BclpT6i46Ks_4.png,BclpT6i46Ks_000004.wav,dog growling
vggsound_04,BCMnEDd6QSM_15.png,BCMnEDd6QSM_000015.wav,sliding door
vggsound_04,Bcn-3fGhsTc_30.png,Bcn-3fGhsTc_000030.wav,horse clip-clop
vggsound_04,BcoDVzkigK8_54.png,BcoDVzkigK8_000054.wav,black capped chickadee calling
vggsound_04,BcQKmdfjWJo_142.png,BcQKmdfjWJo_000142.wav,cat purring
vggsound_04,BD1BzaXNqDw_30.png,BD1BzaXNqDw_000030.wav,duck quacking
vggsound_04,BD29f_ddG4w_50.png,BD29f_ddG4w_000050.wav,playing saxophone
vggsound_04,BDaqnMJ5Ems_13.png,BDaqnMJ5Ems_000013.wav,mynah bird singing
vggsound_04,BDMv6AOI5jY_175.png,BDMv6AOI5jY_000175.wav,chicken crowing
